,NN,VBN,RB,VBG,JJR,JJ,VBP,IN,VBZ,VBD,DT,VB,NNS,PRP$,PRP,CD,CC,MD,RBR,JJS,FW,TO,WRB,RP,WP,EX,WP$,WDT,NNP,RBS,UH
0,medium,read,i,understanding,cheaper,re,read,en,corresponds,tickled,another,read,others,my,teacher,joke,p,can,ve,newest,en,a,when,bathroom,who,there,s,v,x,k,s
1,stat,ignored,bit,exchanging,sister,fire,buy,nicer,depreciates,re,all,settle,know,r,oh,four,or,must,longer,cheapest,understand,na,o,alexa,r,t,o,r,s,m,y
2,navigation,raised,importantly,interacting,cualquier,intrusive,reccomend,whether,broken,handled,either,buy,dj,her,i,o,either,buld,better,worst,gotten,n,w,audio,s,,w,whatever,jump,best,yes
3,agent,cancelled,straightforward,touching,bigger,adopter,re,with,task,red,this,reccomend,integrates,weather,s,n,s,o,daughter,oldest,know,to,wow,p,warehouse,,h,whatsoever,fire,e,e
4,pin,dated,presumably,asking,w,tardis,gb,thestand,guy,ran,need,check,chat,h,me,e,netflix,wo,listen,s,respuesta,,whenever,awhile,u,,e,w,k,a,oh
5,i,programmed,continually,i,speaker,understanding,funciona,laugh,writes,loaded,o,list,poop,e,itself,three,minus,w,ease,coolest,pel,,woken,up,o,,,h,u,,
6,ecosystem,adapted,luckily,activating,dimmer,laugh,know,i,solves,reduced,h,know,recordings,,you,million,u,may,easier,est,video,,,u,w,,,t,xbox,,
7,bit,effected,excellently,talking,sooner,red,couple,nightstand,speaks,shocked,t,act,ceilings,,us,yr,bother,might,louder,youngest,listen,,,ask,wink,,,e,xfinity,,
8,desktop,compared,not,sewing,higher,appear,turn,as,type,experienced,bluetooth,added,i,,we,six,youtube,ca,closer,b,s,,,amazon,discoveredthat,,,chat,speaker,,
9,telephone,surprised,awhile,spacing,longer,dependable,start,battery,tech,cracked,neither,move,outdoors,,myself,kasa,need,okay,b,biggest,se,,,away,h,,,a,kitchen,,
10,improvement,followed,nd,walking,better,cohesive,philip,bit,dims,embarrassed,every,turn,kodi,,youtube,one,l,need,lm,honest,de,,,shout,chat,,,,xm,,
11,compatible,upset,typically,amusing,worse,lightbulb,am,around,phillips,dedicated,no,start,superb,,it,two,plus,would,m,request,atenci,,,outlet,e,,,,,,
12,ball,survived,technically,lighting,shower,i,appear,audiophile,provides,improved,r,prove,need,,t,five,weather,could,weather,best,semana,,,around,a,,,,,,
13,convenience,heard,actually,amazing,older,quot,benefit,nil,activates,bed,some,dig,levels,,mother,make,bluetooth,,t,t,m,,,off,warranty,,,,,,
14,lolol,owned,defently,offing,s,welcome,refer,need,appears,obsessed,n,install,grows,,he,wifi,neither,,skype,least,echo,,,out,what,,,,,,
15,provide,changed,magically,glaring,speak,coolest,nightstand,overa,podcasts,thought,the,mile,interrupt,,she,ordered,le,,enjoy,nest,del,,,back,,,,,,,
16,live,excited,sometime,speaking,newer,compatible,i,practicalthan,pop,felt,half,slow,electronics,,,zero,echo,,sever,guest,etc,,,over,,,,,,,
17,one,limited,netflix,spelling,greater,need,change,library,cozi,worked,tooth,i,towards,,,hundred,n,,feel,e,non,,,alarm,,,,,,,
18,reputation,installed,thong,implementing,charger,force,need,though,arises,referred,e,change,upstairs,,,,but,,happier,highest,n,,,,,,,,,,
19,thought,reached,overall,considering,easier,digital,hubs,in,clock,dropped,a,limited,askes,,,,tooth,,le,greatest,el,,,,,,,,,,
20,garage,shown,away,holding,lower,pm,stink,best,rotates,moved,,freeze,button,,,,,,r,,la,,,,,,,,,,
21,dp,suck,ok,expanding,bother,lose,connect,upon,involves,advanced,,reboot,installs,,,,,,learn,,kitchen,,,,,,,,,,
22,engage,missed,broadway,choosing,louder,potential,find,across,lamp,supposed,,hide,glasses,,,,,,harder,,rapidez,,,,,,,,,,
23,support,controlled,far,crackling,simpler,dedicated,choose,non,happens,updated,,bit,prevents,,,,,,e,,e,,,,,,,,,,
24,tooth,bundled,anytime,downloading,beginner,usde,ai,beyond,includes,called,,bring,cup,,,,,,later,,,,,,,,,,,,
25,account,need,show,placing,answer,st,recipe,except,ask,contacted,,spur,uses,,,,,,faster,,,,,,,,,,,,
26,eh,combined,let,coming,yeah,amazing,serve,pause,playlists,wanted,,need,worked,,,,,,love,,,,,,,,,,,,
27,extent,dedicated,song,finding,prettier,improved,rep,k,av,entertained,,improve,wonderful,,,,,,,,,,,,,,,,,,
28,water,made,finally,viewing,larger,live,tiene,nd,updates,geek,,connect,non,,,,,,,,,,,,,,,,,,
29,rarity,payed,ever,going,weather,bed,provide,override,intercom,shipped,,find,politics,,,,,,,,,,,,,,,,,,
30,game,thought,late,integrating,enjoy,chargeable,offer,albeit,becomes,went,,psychological,ontrac,,,,,,,,,,,,,,,,,,
31,w,worked,extrimelly,sibling,younger,audiobook,live,use,requires,addicted,,choose,devices,,,,,,,,,,,,,,,,,,
32,tablet,required,grandmother,shooting,happier,loos,join,since,etc,cursed,,interrupt,believe,,,,,,,,,,,,,,,,,,
33,house,reminded,abc,responding,le,local,sleep,over,n,recommended,,convenience,dims,,,,,,,,,,,,,,,,,,
34,phillip,recorded,elsewhere,requesting,r,accent,dismiss,awesome,loses,retired,,resolved,settins,,,,,,,,,,,,,,,,,,
35,geek,moved,otherwise,increasing,calmer,original,have,trivia,kitchen,closed,,charge,eh,,,,,,,,,,,,,,,,,,
36,operate,sliced,rather,overcoming,n,enhanced,feel,amazon,device,show,,lose,wait,,,,,,,,,,,,,,,,,,
37,bunch,paired,downside,steaming,cleaner,thought,naw,inside,downstairs,let,,plus,teeth,,,,,,,,,,,,,,,,,,
38,pain,supposed,routinely,liking,harder,felt,prefer,unlike,alexa,ordered,,provide,phillips,,,,,,,,,,,,,,,,,,
39,purpose,deployed,dislike,repeating,smaller,capable,cook,receiver,enjoys,bothered,,improved,purchases,,,,,,,,,,,,,,,,,,
40,exasperation,realized,everywhere,according,e,type,friend,until,randomly,ditched,,live,refers,,,,,,,,,,,,,,,,,,
41,rest,looked,well,buffering,father,elderly,believe,thermostat,seems,knew,,sleep,glad,,,,,,,,,,,,,,,,,,
42,show,zonked,forever,reconnecting,love,advanced,port,next,tends,worried,,a,sends,,,,,,,,,,,,,,,,,,
43,barry,updated,friendly,gaming,a,unwitty,tech,bother,bezos,repeated,,have,plug,,,,,,,,,,,,,,,,,,
44,let,exceeded,therefore,entertaining,timer,tooth,thousand,via,speaker,learned,,feel,audiobooks,,,,,,,,,,,,,,,,,,
45,hassle,started,strictly,reminding,,unimportant,trek,de,ve,receivded,,na,toy,,,,,,,,,,,,,,,,,,
46,song,called,so,staging,,discovery,home,of,video,impressed,,prefer,amazon,,,,,,,,,,,,,,,,,,
47,website,sized,mother,looking,,outstanding,include,thorough,plugins,ended,,disconnect,yes,,,,,,,,,,,,,,,,,,
48,resolve,constructed,d,traveling,,download,save,bathroom,s,kid,,exchange,replaces,,,,,,,,,,,,,,,,,,
49,skill,wanted,pretty,lightening,,eh,wait,although,allows,hoped,,upgrade,thermostat,,,,,,,,,,,,,,,,,,
50,review,waited,preciously,hoping,,last,owe,ask,kid,play,,believe,podcasts,,,,,,,,,,,,,,,,,,
51,statement,known,thoroughly,amaxing,,updated,feature,allow,exceeds,tested,,rubber,photograph,,,,,,,,,,,,,,,,,,
52,c,reconnected,noise,blocking,,appropriate,adjust,within,answer,viewed,,shut,lamp,,,,,,,,,,,,,,,,,,
53,programming,matched,seriously,sounding,,routine,intend,enjoy,app,oriented,,box,services,,,,,,,,,,,,,,,,,,
54,air,priced,seprately,hiring,,celebs,wake,toward,ll,educated,,item,thats,,,,,,,,,,,,,,,,,,
55,grandmother,enabled,nice,connecting,,extent,want,onto,learns,saw,,synced,happens,,,,,,,,,,,,,,,,,,
56,reminder,activated,currently,losing,,account,mean,n,cbs,returned,,rub,ask,,,,,,,,,,,,,,,,,,
57,headphone,cut,exactly,returning,,unhappy,y,alexa,wi,seemed,,insert,cheap,,,,,,,,,,,,,,,,,,
58,crunchyroll,liked,audio,growing,,awhile,use,outside,d,switched,,figure,warns,,,,,,,,,,,,,,,,,,
59,hence,performed,somehow,ring,,nd,give,sound,connects,said,,pas,mom,,,,,,,,,,,,,,,,,,
60,intention,downloaded,personally,happening,,developed,ac,ago,hue,d,,stove,shuts,,,,,,,,,,,,,,,,,,
61,downside,intended,door,travelling,,big,pay,ve,echo,tired,,navigate,skill,,,,,,,,,,,,,,,,,,
62,dad,recommended,even,rattling,,adjust,awesome,behind,anypod,accomplished,,save,instructions,,,,,,,,,,,,,,,,,,
63,bedroom,located,seamlessly,amaonmazing,,strong,sorry,at,heck,fledged,,kindle,books,,,,,,,,,,,,,,,,,,
64,cell,kwikset,flawlessly,depending,,contacted,operate,video,kasa,forgot,,stop,culas,,,,,,,,,,,,,,,,,,
65,npr,desired,electronically,beginning,,occasional,expect,unless,e,come,,feature,contains,,,,,,,,,,,,,,,,,,
66,lov,decided,m,streaming,,serious,amazon,u,oh,included,,waited,rotations,,,,,,,,,,,,,,,,,,
67,decor,bought,display,complaining,,wanted,question,like,hears,bulbs,,informative,adjusts,,,,,,,,,,,,,,,,,,
68,operation,sealed,beside,engaging,,scratched,do,play,listens,happened,,wake,mids,,,,,,,,,,,,,,,,,,
69,state,involved,totallly,planning,,onme,consider,bedside,stands,wikipedia,,suffer,channel,,,,,,,,,,,,,,,,,,
70,shout,detailed,surely,relaxing,,want,artist,wind,laundry,blue,,want,n,,,,,,,,,,,,,,,,,,
71,workreat,described,entirely,l,,purchase,pick,despite,responds,charmed,,higher,misunderstands,,,,,,,,,,,,,,,,,,
72,concern,lapsed,facetime,accessing,,upgrading,think,dislike,listen,replied,,y,respond,,,,,,,,,,,,,,,,,,
73,guest,loved,greatly,becoming,,informed,show,alexia,repeat,bright,,glad,features,,,,,,,,,,,,,,,,,,
74,ring,o,user,displaying,,credited,ask,bos,little,set,,use,workarounds,,,,,,,,,,,,,,,,,,
75,barn,taken,spend,smartthing,,netflix,perform,apps,expires,glorified,,give,shape,,,,,,,,,,,,,,,,,,
76,kind,vetted,doorbell,allowing,,thong,allow,that,smart,complained,,intelagence,switch,,,,,,,,,,,,,,,,,,
77,designer,outlet,hardly,taking,,operate,clue,answer,performs,enjoyed,,combine,timer,,,,,,,,,,,,,,,,,,
78,pre,delivered,practically,starting,,toy,receive,app,dot,certified,,liked,downstairs,,,,,,,,,,,,,,,,,,
79,mandatory,asked,completely,discovering,,bunch,skill,wi,dumb,light,,purchase,alexa,,,,,,,,,,,,,,,,,,
80,wikipedia,refurbished,specifily,irritating,,overall,enjoy,bothersome,dunce,arrived,,pay,smartthings,,,,,,,,,,,,,,,,,,
81,th,ordered,throw,getting,,bt,degree,visa,sleepy,reported,,bargain,spa,,,,,,,,,,,,,,,,,,
82,store,begun,asleep,lagging,,pain,insist,past,l,m,,precise,thanks,,,,,,,,,,,,,,,,,,
83,whe,sold,chat,disconnecting,,purpose,roll,bundle,recognizes,proved,,edge,enters,,,,,,,,,,,,,,,,,,
84,dumber,concerned,heard,approaching,,primeday,india,explore,drop,linked,,newer,google,,,,,,,,,,,,,,,,,,
85,fix,labeled,particularly,pairing,,addicted,core,decide,reminds,kept,,amazon,skills,,,,,,,,,,,,,,,,,,
86,face,provided,around,vibrating,,ok,acknowledge,e,desk,knocked,,expect,ve,,,,,,,,,,,,,,,,,,
87,pleasure,found,bass,training,,grand,etc,deeper,m,met,,long,sooner,,,,,,,,,,,,,,,,,,
88,budget,overpriced,rarely,syncing,,similar,complain,thrown,awake,checked,,wireless,mimic,,,,,,,,,,,,,,,,,,
89,beginning,named,instantly,realizing,,convert,n,along,understands,spotlight,,purpose,philipshue,,,,,,,,,,,,,,,,,,
90,commodity,completed,mere,shutting,,pick,free,throughout,sits,programmed,,louder,data,,,,,,,,,,,,,,,,,,
91,blink,kitchen,generally,putting,,massive,fit,up,t,touted,,lower,whats,,,,,,,,,,,,,,,,,,
92,b,learned,correctly,annoying,,commanded,tell,blue,continues,surprised,,disappointment,s,,,,,,,,,,,,,,,,,,
93,knee,organized,hallway,wedding,,regular,plenty,th,lot,feed,,inexperience,abay,,,,,,,,,,,,,,,,,,
94,lifht,born,sleep,spying,,tou,meh,besides,lyric,fell,,deal,kid,,,,,,,,,,,,,,,,,,
95,crackle,answered,prime,king,,ridiculous,alexa,whisper,remains,owned,,increase,allows,,,,,,,,,,,,,,,,,,
96,date,replaced,extra,sleeping,,special,alleviate,bulb,johnny,excited,,pick,u,,,,,,,,,,,,,,,,,,
97,voiceview,played,nearly,singing,,show,take,alexi,r,controlled,,bought,thank,,,,,,,,,,,,,,,,,,
98,net,sent,home,attempting,,aesthetic,understand,on,suggests,bass,,ban,featues,,,,,,,,,,,,,,,,,,
99,placement,fixed,ahead,greeting,,everytime,info,for,confuses,combined,,rest,enables,,,,,,,,,,,,,,,,,,
100,display,dressed,quite,listening,,expert,randomly,audioapple,extends,suffolk,,think,mini,,,,,,,,,,,,,,,,,,
101,membership,run,hopefully,picking,,song,sound,worth,lit,baffled,,show,green,,,,,,,,,,,,,,,,,,
102,market,ended,constantly,briefing,,mu,grab,try,a,mounted,,end,youtube,,,,,,,,,,,,,,,,,,
103,series,covered,use,typing,,website,google,l,love,recorded,,ask,ipads,,,,,,,,,,,,,,,,,,
104,driver,sound,daughter,y,,confident,place,if,,shut,,let,alexia,,,,,,,,,,,,,,,,,,
105,conversation,fashioned,project,keeping,,outlet,yell,atmosphere,,paired,,setup,people,,,,,,,,,,,,,,,,,,
106,floor,bummed,either,having,,wasted,worry,per,,hesitated,,reset,sonos,,,,,,,,,,,,,,,,,,
107,fit,qued,certainly,cleaning,,primary,font,m,,synced,,spent,camera,,,,,,,,,,,,,,,,,,
108,pamphlet,built,consistently,reoccurring,,skill,view,off,,offered,,detect,clothes,,,,,,,,,,,,,,,,,,
109,elegant,cost,permanently,loving,,tec,leave,t,,noticed,,allow,pros,,,,,,,,,,,,,,,,,,
110,spiel,frustrated,whistle,shining,,invasive,hubby,without,,stoled,,hit,apps,,,,,,,,,,,,,,,,,,
111,delivery,confused,cheap,missing,,electrician,texas,oops,,waited,,receive,yep,,,,,,,,,,,,,,,,,,
112,gb,s,setup,renting,,ordered,blow,user,,beat,,wish,visuals,,,,,,,,,,,,,,,,,,
113,road,scheduled,perfectly,jumping,,knew,go,among,,activated,,skill,examples,,,,,,,,,,,,,,,,,,
114,porch,decorated,mom,pulling,,nigh,s,super,,advised,,asked,dislikes,,,,,,,,,,,,,,,,,,
115,location,locked,phonetically,knowing,,unable,watch,near,,placed,,enjoy,diagnostics,,,,,,,,,,,,,,,,,,
116,drag,tested,basically,screaming,,worried,kid,love,,reconditioned,,refurbished,hands,,,,,,,,,,,,,,,,,,
117,ed,used,carefully,researching,,basic,remote,,,refined,,follow,app,,,,,,,,,,,,,,,,,,
118,availability,tried,favorite,clocking,,abode,perfect,,,downloaded,,tad,breeze,,,,,,,,,,,,,,,,,,
119,slight,rebooted,recently,staying,,high,u,,,cycled,,ifs,learns,,,,,,,,,,,,,,,,,,
120,building,researched,regardless,failing,,alongside,recommend,,,expired,,complain,subscriptiondoes,,,,,,,,,,,,,,,,,,
121,kodi,told,model,g,,shuffle,like,,,desired,,majel,curve,,,,,,,,,,,,,,,,,,
122,mybedroom,returned,soon,goodmorning,,newsflash,play,,,decided,,n,temp,,,,,,,,,,,,,,,,,,
123,smartbon,expected,experience,buzzing,,late,hold,,,bought,,release,odds,,,,,,,,,,,,,,,,,,
124,granite,configured,load,chatting,,ise,youtube,,,setup,,favorite,delivers,,,,,,,,,,,,,,,,,,
125,brief,motown,timer,checking,,international,stand,,,delivered,,kitchen,afterwards,,,,,,,,,,,,,,,,,,
126,funny,designed,understand,dodging,,rough,tend,,,related,,compact,interferes,,,,,,,,,,,,,,,,,,
127,humour,extended,randomly,trending,,didnt,apps,,,hubbed,,replace,d,,,,,,,,,,,,,,,,,,
128,category,switched,ago,resembling,,hmmmm,bose,,,refurbished,,tell,alots,,,,,,,,,,,,,,,,,,
129,upgrade,advertised,furthermore,crashing,,impressed,wave,,,hired,,respond,realize,,,,,,,,,,,,,,,,,,
130,tech,isolated,pleasantly,sharing,,optional,spotify,,,doesnt,,shape,sometimes,,,,,,,,,,,,,,,,,,
131,thumb,d,manually,distracting,,guess,look,,,answered,,switch,connects,,,,,,,,,,,,,,,,,,
132,trick,hue,watch,boring,,info,whole,,,took,,platform,grandkids,,,,,,,,,,,,,,,,,,
133,tin,v,always,leaving,,hole,walk,,,played,,grandmother,orders,,,,,,,,,,,,,,,,,,
134,footprint,imrproved,yet,performing,,glow,rotate,,,picked,,simplify,echo,,,,,,,,,,,,,,,,,,
135,repertoire,connected,stream,watching,,luck,cool,,,brought,,fall,soundbar,,,,,,,,,,,,,,,,,,
136,k,appreciated,first,frustrating,,headphone,cave,,,covered,,reminder,typed,,,,,,,,,,,,,,,,,,
137,alabama,held,apps,living,,trained,lack,,,built,,alexa,omg,,,,,,,,,,,,,,,,,,
138,use,amazed,totally,communicating,,weak,hue,,,keyboard,,talk,seem,,,,,,,,,,,,,,,,,,
139,collection,featured,answer,opening,,sensitive,remember,,,frustrated,,help,regret,,,,,,,,,,,,,,,,,,
140,ability,paid,legally,interesting,,entertaining,echo,,,kinda,,take,selfies,,,,,,,,,,,,,,,,,,
141,mediocre,lived,heaven,dancing,,process,spend,,,answer,,guess,hub,,,,,,,,,,,,,,,,,,
142,geo,plugged,classroom,turning,,go,explore,,,whole,,break,dont,,,,,,,,,,,,,,,,,,
143,holy,come,frequently,disappointing,,schedule,hear,,,advertised,,gotten,things,,,,,,,,,,,,,,,,,,
144,simple,love,apparently,string,,contact,seem,,,isolated,,reauthorize,hears,,,,,,,,,,,,,,,,,,
145,bandwagon,e,usually,swiping,,downside,command,,,connected,,sent,amazons,,,,,,,,,,,,,,,,,,
146,bought,imagined,hear,saying,,hate,come,,,omg,,anticipate,funciones,,,,,,,,,,,,,,,,,,
147,boombox,blown,strongly,linking,,remote,e,,,puzzled,,sound,pages,,,,,,,,,,,,,,,,,,
148,holder,illustrated,perhaps,bing,,bedroom,hub,,,opened,,run,listens,,,,,,,,,,,,,,,,,,
149,loving,chosen,simultaneously,canceling,,dad,literate,,,caused,,place,cons,,,,,,,,,,,,,,,,,,
150,exception,distorted,fast,visiting,,innovative,route,,,challenged,,brought,channels,,,,,,,,,,,,,,,,,,
151,person,based,barely,helping,,fat,send,,,smart,,sensitive,p,,,,,,,,,,,,,,,,,,
152,router,filled,along,lacking,,like,foot,,,stationed,,earn,fails,,,,,,,,,,,,,,,,,,
153,pricey,allowed,somewhat,sling,,positive,reach,,,lost,,cost,needs,,,,,,,,,,,,,,,,,,
154,hang,released,definitively,unlocking,,poor,create,,,got,,imagine,lots,,,,,,,,,,,,,,,,,,
155,accessory,watched,bulb,laying,,versatile,customize,,,integrated,,assume,th,,,,,,,,,,,,,,,,,,
156,compact,convinced,better,yelling,,npr,make,,,led,,husband,minute,,,,,,,,,,,,,,,,,,
157,defuser,set,originally,charging,,unobtrusive,swell,,,supported,,go,besides,,,,,,,,,,,,,,,,,,
158,effort,glorified,say,tempting,,numerous,flash,,,fun,,s,questions,,,,,,,,,,,,,,,,,,
159,connectivity,needed,approximately,arriving,,nonsense,fix,,,figured,,watch,bulb,,,,,,,,,,,,,,,,,,
160,car,listen,ease,mirroring,,internet,lucky,,,read,,otherwise,responds,,,,,,,,,,,,,,,,,,
161,take,upgraded,never,drawing,,documentation,say,,,failed,,barret,karen,,,,,,,,,,,,,,,,,,
162,company,disappointed,tailor,changing,,interpret,range,,,disabled,,kid,ands,,,,,,,,,,,,,,,,,,
163,place,buck,just,blurring,,hoping,get,,,added,,issue,speak,,,,,,,,,,,,,,,,,,
164,bezos,put,smart,telling,,grocery,snarl,,,stopped,,recommend,menu,,,,,,,,,,,,,,,,,,
165,brought,displayed,ridiculously,kicking,,friendly,listen,,,did,,perfect,handy,,,,,,,,,,,,,,,,,,
166,creapy,given,fairly,specifying,,golden,speak,,,posed,,u,moana,,,,,,,,,,,,,,,,,,
167,vez,googled,dot,preparing,,reactive,ease,,,installed,,remote,alert,,,,,,,,,,,,,,,,,,
168,worry,indicated,back,resetting,,motown,lve,,,missed,,hook,kick,,,,,,,,,,,,,,,,,,
169,structure,communicated,essentially,hosting,,top,suggest,,,screw,,like,mics,,,,,,,,,,,,,,,,,,
170,resume,turned,literally,saving,,regularly,ship,,,subpar,,play,forum,,,,,,,,,,,,,,,,,,
171,television,disconnected,softly,acting,,pen,existence,,,made,,hold,ipdates,,,,,,,,,,,,,,,,,,
172,cute,enjoyed,tip,cutting,,fumble,burn,,,scoured,,communicate,ltiples,,,,,,,,,,,,,,,,,,
173,onceproblem,protected,add,disturbing,,accessable,smart,,,exceeded,,youtube,addons,,,,,,,,,,,,,,,,,,
174,watch,certified,got,investing,,unacceptable,pray,,,started,,dislike,citizen,,,,,,,,,,,,,,,,,,
175,spin,light,t,scheduling,,sirrius,easy,,,recharged,,stand,lights,,,,,,,,,,,,,,,,,,
176,kinda,l,easily,wanting,,d,link,,,wasconcerned,,iove,performs,,,,,,,,,,,,,,,,,,
177,minimum,purchased,simply,replying,,ecobee,dot,,,glad,,forget,dot,,,,,,,,,,,,,,,,,,
178,forget,arrived,automatically,entering,,nurse,gender,,,enabled,,well,ipad,,,,,,,,,,,,,,,,,,
179,section,seen,electeonically,improving,,tired,try,,,suggested,,first,girl,,,,,,,,,,,,,,,,,,
180,simpler,granted,moreover,filling,,name,woofer,,,explored,,bose,dots,,,,,,,,,,,,,,,,,,
181,search,become,nicely,using,,spoken,plan,,,corrected,,contact,calm,,,,,,,,,,,,,,,,,,
182,bye,got,almost,participating,,cnn,display,,,lauded,,returned,hmm,,,,,,,,,,,,,,,,,,
183,lovee,marked,forward,sending,,pretty,awake,,,located,,answer,buts,,,,,,,,,,,,,,,,,,
184,solo,satisfied,seam,comforting,,pet,add,,,gave,,app,fios,,,,,,,,,,,,,,,,,,
185,controll,behaved,insanely,assuming,,heck,request,,,wifi,,spotify,reminds,,,,,,,,,,,,,,,,,,
186,lcd,integrated,fortunately,ordering,,pro,complaint,,,died,,introduce,allrecipes,,,,,,,,,,,,,,,,,,
187,lack,linked,amazingly,fussing,,come,t,,,spent,,mistake,anyways,,,,,,,,,,,,,,,,,,
188,quality,shorted,fun,giving,,kasa,m,,,asked,,weather,m,,,,,,,,,,,,,,,,,,
189,damage,led,cover,troubleshooting,,fine,become,,,rambled,,look,appointments,,,,,,,,,,,,,,,,,,
190,classroom,equalized,down,recording,,element,lot,,,wish,,rotate,add,,,,,,,,,,,,,,,,,,
191,coast,amused,additionally,needing,,huge,see,,,rcieved,,discover,understands,,,,,,,,,,,,,,,,,,
192,grandparent,messed,slideshow,learning,,blue,continue,,,chose,,sell,sits,,,,,,,,,,,,,,,,,,
193,delete,gone,separately,switching,,dish,le,,,n,,realize,t,,,,,,,,,,,,,,,,,,
194,treat,received,else,shipping,,recognize,taller,,,nudged,,streamline,decides,,,,,,,,,,,,,,,,,,
195,fast,met,immediately,running,,dead,work,,,helped,,remember,happier,,,,,,,,,,,,,,,,,,
196,sub,floored,probably,navigating,,nj,learn,,,listened,,echo,see,,,,,,,,,,,,,,,,,,
197,factor,done,intermittently,waiting,,imusic,swipe,,,alexa,,stay,stick,,,,,,,,,,,,,,,,,,
198,seamless,dismissed,downright,synching,,nice,hope,,,became,,print,ni,,,,,,,,,,,,,,,,,,
199,disappointing,figured,dims,overwhelming,,korea,return,,,replaced,,command,comands,,,,,,,,,,,,,,,,,,
200,manner,packaged,individually,n,,algo,catch,,,gotten,,regret,le,,,,,,,,,,,,,,,,,,
201,suppose,,august,buying,,expectation,conversation,,,sent,,seldom,reboots,,,,,,,,,,,,,,,,,,
202,affirm,,awesome,loosing,,bright,challenge,,,google,,come,oops,,,,,,,,,,,,,,,,,,
203,terminology,,long,testing,,fix,doorbell,,,mailed,,plugged,notifies,,,,,,,,,,,,,,,,,,
204,bug,,amazon,reaching,,hundred,a,,,forecast,,kasa,jetsons,,,,,,,,,,,,,,,,,,
205,dense,,twice,enjoying,,resist,love,,,tapped,,update,bonkers,,,,,,,,,,,,,,,,,,
206,meditation,,yes,concerning,,feee,,,,simplified,,hub,nervana,,,,,,,,,,,,,,,,,,
207,back,,thermostat,eavesdropping,,set,,,,voila,,send,buld,,,,,,,,,,,,,,,,,,
208,jeff,,clock,hearing,,glorified,,,,used,,register,a,,,,,,,,,,,,,,,,,,
209,control,,wifi,leaning,,stuff,,,,determined,,star,itunes,,,,,,,,,,,,,,,,,,
210,mexico,,straight,bringing,,repeat,,,,tried,,p,,,,,,,,,,,,,,,,,,,
211,tip,,sadly,adapting,,audio,,,,bose,,blast,,,,,,,,,,,,,,,,,,,
212,opinion,,actively,booming,,mic,,,,sounded,,sync,,,,,,,,,,,,,,,,,,,
213,orientation,,truly,playing,,jimmy,,,,walked,,draw,,,,,,,,,,,,,,,,,,,
214,bob,,initially,receiving,,commercial,,,,left,,recognize,,,,,,,,,,,,,,,,,,,
215,wall,,believer,floating,,handy,,,,echo,,cause,,,,,,,,,,,,,,,,,,,
216,mine,,exceptionally,suggesting,,inconvenient,,,,had,,whisper,,,,,,,,,,,,,,,,,,,
217,t,,n,dimming,,practical,,,,amazed,,customize,,,,,,,,,,,,,,,,,,,
218,size,,sorely,existing,,dial,,,,paid,,make,,,,,,,,,,,,,,,,,,,
219,point,,unplug,recurring,,mind,,,,knob,,bulb,,,,,,,,,,,,,,,,,,,
220,jump,,anywhere,dropping,,enjoyed,,,,lived,,nice,,,,,,,,,,,,,,,,,,,
221,kong,,directly,showing,,senior,,,,imagined,,bandwidth,,,,,,,,,,,,,,,,,,,
222,bough,,alexa,reading,,door,,,,addressed,,better,,,,,,,,,,,,,,,,,,,
223,plane,,speaker,fixing,,certified,,,,upgraded,,dumber,,,,,,,,,,,,,,,,,,,
224,assumption,,lonely,shortcoming,,black,,,,disappointed,,resist,,,,,,,,,,,,,,,,,,,
225,radio,,also,working,,lock,,,,displayed,,fix,,,,,,,,,,,,,,,,,,,
226,prove,,daily,controlling,,light,,,,googled,,set,,,,,,,,,,,,,,,,,,,
227,domain,,however,accepting,,adapter,,,,attached,,configure,,,,,,,,,,,,,,,,,,,
228,sign,,officially,intimidating,,canary,,,,turned,,say,,,,,,,,,,,,,,,,,,,
229,bark,,thank,inviting,,l,,,,complacated,,listen,,,,,,,,,,,,,,,,,,,
230,cutie,,quickly,summoning,,arrived,,,,purchased,,get,,,,,,,,,,,,,,,,,,,
231,charger,,madlibs,paying,,noticeable,,,,spoiled,,call,,,,,,,,,,,,,,,,,,,
232,quiz,,bedside,moving,,net,,,,pleased,,bug,,,,,,,,,,,,,,,,,,,
233,bridge,,prior,overheating,,recognizes,,,,satisfied,,repeat,,,,,,,,,,,,,,,,,,,
234,leisure,,beautifully,falling,,acoustical,,,,hooked,,put,,,,,,,,,,,,,,,,,,,
235,student,,sooooooo,fascinating,,stereo,,,,saved,,mic,,,,,,,,,,,,,,,,,,,
236,cycle,,instead,replacing,,amaze,,,,jumped,,gift,,,,,,,,,,,,,,,,,,,
237,prompt,,very,dying,,ny,,,,work,,suggest,,,,,,,,,,,,,,,,,,,
238,slide,,app,appealing,,m,,,,sinqued,,excessive,,,,,,,,,,,,,,,,,,,
239,bluetooth,,nowhere,a,,display,,,,received,,disappointed,,,,,,,,,,,,,,,,,,,
240,friend,,sometimes,shopping,,card,,,,geared,,smart,,,,,,,,,,,,,,,,,,,
241,trial,,yhe,searching,,become,,,,spoke,,little,,,,,,,,,,,,,,,,,,,
242,adjusting,,philly,advertising,,fabulous,,,,cousin,,maintain,,,,,,,,,,,,,,,,,,,
243,correct,,echo,confusing,,fourth,,,,pushed,,link,,,,,,,,,,,,,,,,,,,
244,motivation,,subsequently,cropping,,proved,,,,followed,,tap,,,,,,,,,,,,,,,,,,,
245,box,,echoplus,supporting,,iphone,,,,inspired,,advise,,,,,,,,,,,,,,,,,,,
246,prepare,,explore,cooking,,unavailable,,,,limited,,dot,,,,,,,,,,,,,,,,,,,
247,companion,,decide,waking,,stick,,,,woke,,reference,,,,,,,,,,,,,,,,,,,
248,affirmation,,microphone,seeing,,marvelous,,,,suck,,try,,,,,,,,,,,,,,,,,,,
249,attention,,awkward,including,,reconnect,,,,talked,,control,,,,,,,,,,,,,,,,,,,
250,hora,,accidentally,shaking,,visual,,,,joke,,l,,,,,,,,,,,,,,,,,,,
251,mean,,blast,fencing,,laziness,,,,impaired,,drop,,,,,,,,,,,,,,,,,,,
252,distance,,minute,conferencing,,facetime,,,,discovered,,spot,,,,,,,,,,,,,,,,,,,
253,awesome,,yard,thinking,,deaf,,,,supplied,,maximize,,,,,,,,,,,,,,,,,,,
254,precise,,little,setting,,other,,,,pixelated,,display,,,,,,,,,,,,,,,,,,,
255,hahahaha,,alert,purchasing,,sony,,,,solved,,add,,,,,,,,,,,,,,,,,,,
256,twice,,definitely,owning,,user,,,,looked,,request,,,,,,,,,,,,,,,,,,,
257,score,,relatively,remaining,,understood,,,,served,,become,,,,,,,,,,,,,,,,,,,
258,entry,,anyway,expecting,,finish,,,,assigned,,t,,,,,,,,,,,,,,,,,,,
259,tape,,especially,rebooting,,spend,,,,won,,lot,,,,,,,,,,,,,,,,,,,
260,music,,lot,taping,,nervous,,,,cut,,hire,,,,,,,,,,,,,,,,,,,
261,surprise,,extremely,debating,,marginal,,,,liked,,m,,,,,,,,,,,,,,,,,,,
262,fuller,,virtually,reviewing,,fit,,,,attempted,,see,,,,,,,,,,,,,,,,,,,
263,supberb,,absolutely,adding,,utilize,,,,pointed,,assumed,,,,,,,,,,,,,,,,,,,
264,patch,,solely,ignoring,,carful,,,,intended,,pull,,,,,,,,,,,,,,,,,,,
265,stark,,blind,standing,,buy,,,,muffled,,continue,,,,,,,,,,,,,,,,,,,
266,inability,,longer,glitching,,majes,,,,hated,,amazo,,,,,,,,,,,,,,,,,,,
267,present,,mostly,maddening,,gb,,,,personalized,,interact,,,,,,,,,,,,,,,,,,,
268,neat,,slightly,remembering,,middle,,,,unplugged,,eco,,,,,,,,,,,,,,,,,,,
269,yesterday,,silly,evrything,,attractive,,,,invested,,work,,,,,,,,,,,,,,,,,,,
270,country,,ai,making,,list,,,,weight,,learn,,,,,,,,,,,,,,,,,,,
271,tomorrow,,highly,docking,,act,,,,described,,deliver,,,,,,,,,,,,,,,,,,,
272,ghz,,lastly,upcoming,,head,,,,stayed,,happy,,,,,,,,,,,,,,,,,,,
273,lurking,,hospital,packing,,asleep,,,,loved,,facetime,,,,,,,,,,,,,,,,,,,
274,google,,slowly,figuring,,rattle,,,,scooped,,return,,,,,,,,,,,,,,,,,,,
275,difference,,possibly,calling,,encyclopedia,,,,satisified,,step,,,,,,,,,,,,,,,,,,,
276,employee,,sincerely,scrolling,,broken,,,,misled,,siri,,,,,,,,,,,,,,,,,,,
277,spam,,continuously,sing,,sneaky,,,,toddler,,sufficient,,,,,,,,,,,,,,,,,,,
278,hearing,,specifically,promoting,,uhyour,,,,hit,,operator,,,,,,,,,,,,,,,,,,,
279,husband,,occasionally,flickering,,repair,,,,soaked,,user,,,,,,,,,,,,,,,,,,,
280,recommend,,previously,transferring,,sharp,,,,provided,,spend,,,,,,,,,,,,,,,,,,,
281,communicate,,purely,installing,,f,,,,found,,serve,,,,,,,,,,,,,,,,,,,
282,den,,nephew,introducing,,freeze,,,,named,,fun,,,,,,,,,,,,,,,,,,,
283,hi,,often,spanking,,cam,,,,scared,,happen,,,,,,,,,,,,,,,,,,,
284,compare,,accurately,exploring,,alive,,,,fixed,,love,,,,,,,,,,,,,,,,,,,
285,min,,still,accompanying,,chair,,,,sound,,keep,,,,,,,,,,,,,,,,,,,
286,norm,,receiver,bugging,,pleasedsimple,,,,video,,,,,,,,,,,,,,,,,,,,,
287,app,,together,timing,,audiophile,,,,wished,,,,,,,,,,,,,,,,,,,,,
288,mention,,absolutly,trying,,complete,,,,s,,,,,,,,,,,,,,,,,,,,,
289,dash,,lamp,recommending,,mode,,,,pulsed,,,,,,,,,,,,,,,,,,,,,
290,rotate,,anymore,p,,chromecast,,,,anticipated,,,,,,,,,,,,,,,,,,,,,
291,interruption,,ugly,providing,,annoying,,,,came,,,,,,,,,,,,,,,,,,,,,
292,patio,,ask,maintaining,,connect,,,,right,,,,,,,,,,,,,,,,,,,,,
293,piece,,o,interfacing,,find,,,,created,,,,,,,,,,,,,,,,,,,,,
294,overview,,primarily,sitting,,funny,,,,told,,,,,,,,,,,,,,,,,,,,,
295,purchaser,,enjoy,driving,,recipe,,,,expected,,,,,,,,,,,,,,,,,,,,,
296,hub,,clearly,warning,,tivo,,,,extended,,,,,,,,,,,,,,,,,,,,,
297,fingertip,,activate,tipping,,combined,,,,promised,,,,,,,,,,,,,,,,,,,,,
298,dont,,likely,showering,,brief,,,,hue,,,,,,,,,,,,,,,,,,,,,
299,literate,,device,writing,,tear,,,,plugged,,,,,,,,,,,,,,,,,,,,,
300,tool,,smooth,troubling,,verbal,,,,e,,,,,,,,,,,,,,,,,,,,,
301,route,,warranty,shifting,,important,,,,snooze,,,,,,,,,,,,,,,,,,,,,
302,microphone,,sound,altering,,screamig,,,,unnannounced,,,,,,,,,,,,,,,,,,,,,
303,send,,surprisingly,supplying,,pluto,,,,untapped,,,,,,,,,,,,,,,,,,,,,
304,monitor,,ve,subscribing,,avoid,,,,convinced,,,,,,,,,,,,,,,,,,,,,
305,reach,,advantage,answering,,proper,,,,needed,,,,,,,,,,,,,,,,,,,,,
306,smell,,video,guaranteeing,,classic,,,,put,,,,,,,,,,,,,,,,,,,,,
307,sin,,god,,,sleep,,,,registered,,,,,,,,,,,,,,,,,,,,,
308,breakfast,,s,,,ecoo,,,,le,,,,,,,,,,,,,,,,,,,,,
309,haywire,,sure,,,dismiss,,,,complicated,,,,,,,,,,,,,,,,,,,,,
310,mac,,maybe,,,prime,,,,crashed,,,,,,,,,,,,,,,,,,,,,
311,indoor,,really,,,depth,,,,love,,,,,,,,,,,,,,,,,,,,,
312,surround,,critically,,,extra,,,,,,,,,,,,,,,,,,,,,,,,,
313,savvy,,incredibly,,,portable,,,,,,,,,,,,,,,,,,,,,,,,,
314,controlling,,youtube,,,techy,,,,,,,,,,,,,,,,,,,,,,,,,
315,smith,,right,,,decent,,,,,,,,,,,,,,,,,,,,,,,,,
316,alert,,son,,,mi,,,,,,,,,,,,,,,,,,,,,,,,,
317,worth,,camera,,,wonderful,,,,,,,,,,,,,,,,,,,,,,,,,
318,guard,,honestly,,,second,,,,,,,,,,,,,,,,,,,,,,,,,
319,qvc,,weather,,,intuitive,,,,,,,,,,,,,,,,,,,,,,,,,
320,terrific,,look,,,treble,,,,,,,,,,,,,,,,,,,,,,,,,
321,complaint,,verbally,,,upgrade,,,,,,,,,,,,,,,,,,,,,,,,,
322,message,,fully,,,salsa,,,,,,,,,,,,,,,,,,,,,,,,,
323,gratamente,,picture,,,graphic,,,,,,,,,,,,,,,,,,,,,,,,,
324,organization,,anypod,,,upsetting,,,,,,,,,,,,,,,,,,,,,,,,,
325,vice,,seem,,,busy,,,,,,,,,,,,,,,,,,,,,,,,,
326,r,,enough,,,tech,,,,,,,,,,,,,,,,,,,,,,,,,
327,work,,wonderfully,,,external,,,,,,,,,,,,,,,,,,,,,,,,,
328,good,,close,,,trick,,,,,,,,,,,,,,,,,,,,,,,,,
329,track,,e,,,differ,,,,,,,,,,,,,,,,,,,,,,,,,
330,content,,dog,,,figure,,,,,,,,,,,,,,,,,,,,,,,,,
331,inline,,oh,,,sleek,,,,,,,,,,,,,,,,,,,,,,,,,
332,dependence,,sang,,,disable,,,,,,,,,,,,,,,,,,,,,,,,,
333,password,,unfortunately,,,soft,,,,,,,,,,,,,,,,,,,,,,,,,
334,quit,,properly,,,stop,,,,,,,,,,,,,,,,,,,,,,,,,
335,phenomenal,,smoothly,,,lol,,,,,,,,,,,,,,,,,,,,,,,,,
336,begin,,technologically,,,wait,,,,,,,,,,,,,,,,,,,,,,,,,
337,refurbs,,shortly,,,quite,,,,,,,,,,,,,,,,,,,,,,,,,
338,mon,,trust,,,rectangular,,,,,,,,,,,,,,,,,,,,,,,,,
339,socket,,easy,,,navigate,,,,,,,,,,,,,,,,,,,,,,,,,
340,secretary,,specially,,,sister,,,,,,,,,,,,,,,,,,,,,,,,,
341,superb,,north,,,mobile,,,,,,,,,,,,,,,,,,,,,,,,,
342,habit,,accordingly,,,span,,,,,,,,,,,,,,,,,,,,,,,,,
343,offer,,eventually,,,familiar,,,,,,,,,,,,,,,,,,,,,,,,,
344,random,,definately,,,sooo,,,,,,,,,,,,,,,,,,,,,,,,,
345,ihome,,alone,,,fi,,,,,,,,,,,,,,,,,,,,,,,,,
346,powercord,,rely,,,waited,,,,,,,,,,,,,,,,,,,,,,,,,
347,clip,,farther,,,finicky,,,,,,,,,,,,,,,,,,,,,,,,,
348,blueprint,,river,,,cloud,,,,,,,,,,,,,,,,,,,,,,,,,
349,introduction,,mainly,,,wake,,,,,,,,,,,,,,,,,,,,,,,,,
350,reason,,much,,,activated,,,,,,,,,,,,,,,,,,,,,,,,,
351,front,,lately,,,inexpensive,,,,,,,,,,,,,,,,,,,,,,,,,
352,sit,,nbsp,,,instant,,,,,,,,,,,,,,,,,,,,,,,,,
353,ton,,comeletely,,,main,,,,,,,,,,,,,,,,,,,,,,,,,
354,future,,successfully,,,countless,,,,,,,,,,,,,,,,,,,,,,,,,
355,folk,,later,,,use,,,,,,,,,,,,,,,,,,,,,,,,,
356,plain,,already,,,enable,,,,,,,,,,,,,,,,,,,,,,,,,
357,perdi,,bet,,,daughter,,,,,,,,,,,,,,,,,,,,,,,,,
358,land,,love,,,ac,,,,,,,,,,,,,,,,,,,,,,,,,
359,save,,,,,utilizing,,,,,,,,,,,,,,,,,,,,,,,,,
360,pause,,,,,substitute,,,,,,,,,,,,,,,,,,,,,,,,,
361,cross,,,,,successful,,,,,,,,,,,,,,,,,,,,,,,,,
362,feature,,,,,em,,,,,,,,,,,,,,,,,,,,,,,,,
363,louis,,,,,suitable,,,,,,,,,,,,,,,,,,,,,,,,,
364,smarter,,,,,downloaded,,,,,,,,,,,,,,,,,,,,,,,,,
365,muy,,,,,mediocre,,,,,,,,,,,,,,,,,,,,,,,,,
366,fantastic,,,,,trivia,,,,,,,,,,,,,,,,,,,,,,,,,
367,commute,,,,,unhelpful,,,,,,,,,,,,,,,,,,,,,,,,,
368,pivoting,,,,,sweet,,,,,,,,,,,,,,,,,,,,,,,,,
369,marketing,,,,,tune,,,,,,,,,,,,,,,,,,,,,,,,,
370,man,,,,,loud,,,,,,,,,,,,,,,,,,,,,,,,,
371,disconnection,,,,,apprehensive,,,,,,,,,,,,,,,,,,,,,,,,,
372,lamp,,,,,recomendable,,,,,,,,,,,,,,,,,,,,,,,,,
373,differentiate,,,,,invest,,,,,,,,,,,,,,,,,,,,,,,,,
374,book,,,,,usable,,,,,,,,,,,,,,,,,,,,,,,,,
375,hit,,,,,safe,,,,,,,,,,,,,,,,,,,,,,,,,
376,projection,,,,,expired,,,,,,,,,,,,,,,,,,,,,,,,,
377,event,,,,,simple,,,,,,,,,,,,,,,,,,,,,,,,,
378,enjoy,,,,,increase,,,,,,,,,,,,,,,,,,,,,,,,,
379,intercom,,,,,emoji,,,,,,,,,,,,,,,,,,,,,,,,,
380,interest,,,,,bought,,,,,,,,,,,,,,,,,,,,,,,,,
381,firmare,,,,,drive,,,,,,,,,,,,,,,,,,,,,,,,,
382,parent,,,,,current,,,,,,,,,,,,,,,,,,,,,,,,,
383,kitchen,,,,,minimal,,,,,,,,,,,,,,,,,,,,,,,,,
384,delay,,,,,cheap,,,,,,,,,,,,,,,,,,,,,,,,,
385,input,,,,,fm,,,,,,,,,,,,,,,,,,,,,,,,,
386,article,,,,,router,,,,,,,,,,,,,,,,,,,,,,,,,
387,smooth,,,,,setup,,,,,,,,,,,,,,,,,,,,,,,,,
388,scrolling,,,,,related,,,,,,,,,,,,,,,,,,,,,,,,,
389,report,,,,,delivered,,,,,,,,,,,,,,,,,,,,,,,,,
390,sound,,,,,different,,,,,,,,,,,,,,,,,,,,,,,,,
391,programing,,,,,genial,,,,,,,,,,,,,,,,,,,,,,,,,
392,theater,,,,,refurbished,,,,,,,,,,,,,,,,,,,,,,,,,
393,vintage,,,,,remedial,,,,,,,,,,,,,,,,,,,,,,,,,
394,emergency,,,,,follow,,,,,,,,,,,,,,,,,,,,,,,,,
395,pod,,,,,effective,,,,,,,,,,,,,,,,,,,,,,,,,
396,extender,,,,,goo,,,,,,,,,,,,,,,,,,,,,,,,,
397,showtime,,,,,ambient,,,,,,,,,,,,,,,,,,,,,,,,,
398,angle,,,,,favorite,,,,,,,,,,,,,,,,,,,,,,,,,
399,mini,,,,,compact,,,,,,,,,,,,,,,,,,,,,,,,,
400,bc,,,,,alex,,,,,,,,,,,,,,,,,,,,,,,,,
401,ita,,,,,zigbee,,,,,,,,,,,,,,,,,,,,,,,,,
402,pep,,,,,tell,,,,,,,,,,,,,,,,,,,,,,,,,
403,havent,,,,,auxiliary,,,,,,,,,,,,,,,,,,,,,,,,,
404,son,,,,,connectivity,,,,,,,,,,,,,,,,,,,,,,,,,
405,chore,,,,,optimum,,,,,,,,,,,,,,,,,,,,,,,,,
406,scroll,,,,,intelligent,,,,,,,,,,,,,,,,,,,,,,,,,
407,homescreen,,,,,organized,,,,,,,,,,,,,,,,,,,,,,,,,
408,vudu,,,,,timer,,,,,,,,,,,,,,,,,,,,,,,,,
409,surface,,,,,load,,,,,,,,,,,,,,,,,,,,,,,,,
410,quick,,,,,third,,,,,,,,,,,,,,,,,,,,,,,,,
411,notification,,,,,looooooove,,,,,,,,,,,,,,,,,,,,,,,,,
412,regard,,,,,understand,,,,,,,,,,,,,,,,,,,,,,,,,
413,ground,,,,,gen,,,,,,,,,,,,,,,,,,,,,,,,,
414,choppy,,,,,take,,,,,,,,,,,,,,,,,,,,,,,,,
415,discover,,,,,thete,,,,,,,,,,,,,,,,,,,,,,,,,
416,v,,,,,played,,,,,,,,,,,,,,,,,,,,,,,,,
417,soundbar,,,,,grab,,,,,,,,,,,,,,,,,,,,,,,,,
418,sm,,,,,tunein,,,,,,,,,,,,,,,,,,,,,,,,,
419,soundlink,,,,,screen,,,,,,,,,,,,,,,,,,,,,,,,,
420,timing,,,,,cancel,,,,,,,,,,,,,,,,,,,,,,,,,
421,enough,,,,,manual,,,,,,,,,,,,,,,,,,,,,,,,,
422,knock,,,,,worry,,,,,,,,,,,,,,,,,,,,,,,,,
423,hand,,,,,various,,,,,,,,,,,,,,,,,,,,,,,,,
424,star,,,,,educational,,,,,,,,,,,,,,,,,,,,,,,,,
425,circle,,,,,child,,,,,,,,,,,,,,,,,,,,,,,,,
426,friday,,,,,built,,,,,,,,,,,,,,,,,,,,,,,,,
427,speak,,,,,harmony,,,,,,,,,,,,,,,,,,,,,,,,,
428,crazy,,,,,cute,,,,,,,,,,,,,,,,,,,,,,,,,
429,put,,,,,thru,,,,,,,,,,,,,,,,,,,,,,,,,
430,science,,,,,mentioned,,,,,,,,,,,,,,,,,,,,,,,,,
431,devise,,,,,cant,,,,,,,,,,,,,,,,,,,,,,,,,
432,rock,,,,,watch,,,,,,,,,,,,,,,,,,,,,,,,,
433,subscription,,,,,questionable,,,,,,,,,,,,,,,,,,,,,,,,,
434,headline,,,,,unresponsive,,,,,,,,,,,,,,,,,,,,,,,,,
435,success,,,,,available,,,,,,,,,,,,,,,,,,,,,,,,,
436,faulty,,,,,total,,,,,,,,,,,,,,,,,,,,,,,,,
437,christmas,,,,,u,,,,,,,,,,,,,,,,,,,,,,,,,
438,bill,,,,,kinda,,,,,,,,,,,,,,,,,,,,,,,,,
439,brightness,,,,,hook,,,,,,,,,,,,,,,,,,,,,,,,,
440,development,,,,,useful,,,,,,,,,,,,,,,,,,,,,,,,,
441,arent,,,,,alexia,,,,,,,,,,,,,,,,,,,,,,,,,
442,interact,,,,,sonos,,,,,,,,,,,,,,,,,,,,,,,,,
443,city,,,,,theme,,,,,,,,,,,,,,,,,,,,,,,,,
444,step,,,,,major,,,,,,,,,,,,,,,,,,,,,,,,,
445,siri,,,,,alarm,,,,,,,,,,,,,,,,,,,,,,,,,
446,perfecto,,,,,first,,,,,,,,,,,,,,,,,,,,,,,,,
447,selection,,,,,hey,,,,,,,,,,,,,,,,,,,,,,,,,
448,creepy,,,,,apps,,,,,,,,,,,,,,,,,,,,,,,,,
449,half,,,,,exact,,,,,,,,,,,,,,,,,,,,,,,,,
450,okay,,,,,search,,,,,,,,,,,,,,,,,,,,,,,,,
451,misplace,,,,,rd,,,,,,,,,,,,,,,,,,,,,,,,,
452,nicer,,,,,material,,,,,,,,,,,,,,,,,,,,,,,,,
453,speech,,,,,orchestra,,,,,,,,,,,,,,,,,,,,,,,,,
454,laugh,,,,,cortna,,,,,,,,,,,,,,,,,,,,,,,,,
455,satellite,,,,,answer,,,,,,,,,,,,,,,,,,,,,,,,,
456,fail,,,,,spotify,,,,,,,,,,,,,,,,,,,,,,,,,
457,engineer,,,,,urge,,,,,,,,,,,,,,,,,,,,,,,,,
458,quot,,,,,usa,,,,,,,,,,,,,,,,,,,,,,,,,
459,screenless,,,,,whole,,,,,,,,,,,,,,,,,,,,,,,,,
460,coffee,,,,,negative,,,,,,,,,,,,,,,,,,,,,,,,,
461,guy,,,,,advertised,,,,,,,,,,,,,,,,,,,,,,,,,
462,accurate,,,,,unwrapped,,,,,,,,,,,,,,,,,,,,,,,,,
463,st,,,,,cool,,,,,,,,,,,,,,,,,,,,,,,,,
464,bed,,,,,driven,,,,,,,,,,,,,,,,,,,,,,,,,
465,industry,,,,,incorporated,,,,,,,,,,,,,,,,,,,,,,,,,
466,audiobook,,,,,wi,,,,,,,,,,,,,,,,,,,,,,,,,
467,original,,,,,efficient,,,,,,,,,,,,,,,,,,,,,,,,,
468,disconnect,,,,,evolve,,,,,,,,,,,,,,,,,,,,,,,,,
469,research,,,,,reinstall,,,,,,,,,,,,,,,,,,,,,,,,,
470,zzzz,,,,,past,,,,,,,,,,,,,,,,,,,,,,,,,
471,successor,,,,,quality,,,,,,,,,,,,,,,,,,,,,,,,,
472,crash,,,,,omg,,,,,,,,,,,,,,,,,,,,,,,,,
473,bff,,,,,frustrating,,,,,,,,,,,,,,,,,,,,,,,,,
474,packaging,,,,,hear,,,,,,,,,,,,,,,,,,,,,,,,,
475,netflix,,,,,living,,,,,,,,,,,,,,,,,,,,,,,,,
476,income,,,,,premium,,,,,,,,,,,,,,,,,,,,,,,,,
477,toy,,,,,grandparent,,,,,,,,,,,,,,,,,,,,,,,,,
478,http,,,,,belong,,,,,,,,,,,,,,,,,,,,,,,,,
479,bt,,,,,hmmm,,,,,,,,,,,,,,,,,,,,,,,,,
480,invention,,,,,continuous,,,,,,,,,,,,,,,,,,,,,,,,,
481,preset,,,,,update,,,,,,,,,,,,,,,,,,,,,,,,,
482,homework,,,,,delete,,,,,,,,,,,,,,,,,,,,,,,,,
483,pick,,,,,possible,,,,,,,,,,,,,,,,,,,,,,,,,
484,anytime,,,,,coop,,,,,,,,,,,,,,,,,,,,,,,,,
485,regular,,,,,fast,,,,,,,,,,,,,,,,,,,,,,,,,
486,pueden,,,,,english,,,,,,,,,,,,,,,,,,,,,,,,,
487,relay,,,,,fabric,,,,,,,,,,,,,,,,,,,,,,,,,
488,baseball,,,,,along,,,,,,,,,,,,,,,,,,,,,,,,,
489,inteligente,,,,,initiate,,,,,,,,,,,,,,,,,,,,,,,,,
490,z,,,,,seamless,,,,,,,,,,,,,,,,,,,,,,,,,
491,decrease,,,,,disappointing,,,,,,,,,,,,,,,,,,,,,,,,,
492,jacuzzi,,,,,create,,,,,,,,,,,,,,,,,,,,,,,,,
493,shorter,,,,,obtrusive,,,,,,,,,,,,,,,,,,,,,,,,,
494,buffering,,,,,suppose,,,,,,,,,,,,,,,,,,,,,,,,,
495,prop,,,,,nite,,,,,,,,,,,,,,,,,,,,,,,,,
496,didnt,,,,,whisper,,,,,,,,,,,,,,,,,,,,,,,,,
497,downstairs,,,,,tomy,,,,,,,,,,,,,,,,,,,,,,,,,
498,info,,,,,constant,,,,,,,,,,,,,,,,,,,,,,,,,
499,guess,,,,,stationary,,,,,,,,,,,,,,,,,,,,,,,,,
500,bettter,,,,,challenged,,,,,,,,,,,,,,,,,,,,,,,,,
501,godsend,,,,,bulb,,,,,,,,,,,,,,,,,,,,,,,,,
502,process,,,,,roku,,,,,,,,,,,,,,,,,,,,,,,,,
503,cost,,,,,mixed,,,,,,,,,,,,,,,,,,,,,,,,,
504,fri,,,,,arlo,,,,,,,,,,,,,,,,,,,,,,,,,
505,ryp,,,,,east,,,,,,,,,,,,,,,,,,,,,,,,,
506,like,,,,,say,,,,,,,,,,,,,,,,,,,,,,,,,
507,play,,,,,listen,,,,,,,,,,,,,,,,,,,,,,,,,
508,versatile,,,,,sh,,,,,,,,,,,,,,,,,,,,,,,,,
509,dislike,,,,,soluci,,,,,,,,,,,,,,,,,,,,,,,,,
510,cellphone,,,,,bug,,,,,,,,,,,,,,,,,,,,,,,,,
511,grocery,,,,,audible,,,,,,,,,,,,,,,,,,,,,,,,,
512,logra,,,,,eq,,,,,,,,,,,,,,,,,,,,,,,,,
513,moment,,,,,smart,,,,,,,,,,,,,,,,,,,,,,,,,
514,iy,,,,,counter,,,,,,,,,,,,,,,,,,,,,,,,,
515,zero,,,,,wide,,,,,,,,,,,,,,,,,,,,,,,,,
516,tekkie,,,,,spanish,,,,,,,,,,,,,,,,,,,,,,,,,
517,application,,,,,conscious,,,,,,,,,,,,,,,,,,,,,,,,,
518,ranger,,,,,spilled,,,,,,,,,,,,,,,,,,,,,,,,,
519,sprinkler,,,,,dot,,,,,,,,,,,,,,,,,,,,,,,,,
520,pretty,,,,,echos,,,,,,,,,,,,,,,,,,,,,,,,,
521,admit,,,,,dumb,,,,,,,,,,,,,,,,,,,,,,,,,
522,condition,,,,,notice,,,,,,,,,,,,,,,,,,,,,,,,,
523,frustration,,,,,al,,,,,,,,,,,,,,,,,,,,,,,,,
524,blue,,,,,sf,,,,,,,,,,,,,,,,,,,,,,,,,
525,recognize,,,,,consistent,,,,,,,,,,,,,,,,,,,,,,,,,
526,mark,,,,,firestick,,,,,,,,,,,,,,,,,,,,,,,,,
527,opera,,,,,control,,,,,,,,,,,,,,,,,,,,,,,,,
528,speedy,,,,,isnt,,,,,,,,,,,,,,,,,,,,,,,,,
529,stuff,,,,,learnimg,,,,,,,,,,,,,,,,,,,,,,,,,
530,repeat,,,,,accomplish,,,,,,,,,,,,,,,,,,,,,,,,,
531,rain,,,,,tip,,,,,,,,,,,,,,,,,,,,,,,,,
532,inconvenient,,,,,fanatic,,,,,,,,,,,,,,,,,,,,,,,,,
533,everything,,,,,glitch,,,,,,,,,,,,,,,,,,,,,,,,,
534,jazz,,,,,adept,,,,,,,,,,,,,,,,,,,,,,,,,
535,ipad,,,,,greade,,,,,,,,,,,,,,,,,,,,,,,,,
536,lock,,,,,instantaneous,,,,,,,,,,,,,,,,,,,,,,,,,
537,l,,,,,wall,,,,,,,,,,,,,,,,,,,,,,,,,
538,sorprendi,,,,,maximize,,,,,,,,,,,,,,,,,,,,,,,,,
539,ny,,,,,add,,,,,,,,,,,,,,,,,,,,,,,,,
540,m,,,,,odd,,,,,,,,,,,,,,,,,,,,,,,,,
541,card,,,,,got,,,,,,,,,,,,,,,,,,,,,,,,,
542,ref,,,,,t,,,,,,,,,,,,,,,,,,,,,,,,,
543,definition,,,,,terrible,,,,,,,,,,,,,,,,,,,,,,,,,
544,iphone,,,,,mine,,,,,,,,,,,,,,,,,,,,,,,,,
545,sqyxtw,,,,,see,,,,,,,,,,,,,,,,,,,,,,,,,
546,hire,,,,,bottom,,,,,,,,,,,,,,,,,,,,,,,,,
547,stick,,,,,integrated,,,,,,,,,,,,,,,,,,,,,,,,,
548,lullaby,,,,,anylist,,,,,,,,,,,,,,,,,,,,,,,,,
549,photo,,,,,crappy,,,,,,,,,,,,,,,,,,,,,,,,,
550,eco,,,,,unused,,,,,,,,,,,,,,,,,,,,,,,,,
551,deliver,,,,,forward,,,,,,,,,,,,,,,,,,,,,,,,,
552,carry,,,,,interactive,,,,,,,,,,,,,,,,,,,,,,,,,
553,eveyday,,,,,select,,,,,,,,,,,,,,,,,,,,,,,,,
554,met,,,,,expensive,,,,,,,,,,,,,,,,,,,,,,,,,
555,digitol,,,,,super,,,,,,,,,,,,,,,,,,,,,,,,,
556,tube,,,,,separate,,,,,,,,,,,,,,,,,,,,,,,,,
557,irritating,,,,,meaningful,,,,,,,,,,,,,,,,,,,,,,,,,
558,viceo,,,,,buddy,,,,,,,,,,,,,,,,,,,,,,,,,
559,round,,,,,social,,,,,,,,,,,,,,,,,,,,,,,,,
560,f,,,,,unico,,,,,,,,,,,,,,,,,,,,,,,,,
561,chair,,,,,controllable,,,,,,,,,,,,,,,,,,,,,,,,,
562,don,,,,,fun,,,,,,,,,,,,,,,,,,,,,,,,,
563,chromecast,,,,,read,,,,,,,,,,,,,,,,,,,,,,,,,
564,connect,,,,,real,,,,,,,,,,,,,,,,,,,,,,,,,
565,amplifier,,,,,disabled,,,,,,,,,,,,,,,,,,,,,,,,,
566,speed,,,,,iheartradio,,,,,,,,,,,,,,,,,,,,,,,,,
567,town,,,,,originale,,,,,,,,,,,,,,,,,,,,,,,,,
568,dust,,,,,added,,,,,,,,,,,,,,,,,,,,,,,,,
569,someone,,,,,tricky,,,,,,,,,,,,,,,,,,,,,,,,,
570,manage,,,,,split,,,,,,,,,,,,,,,,,,,,,,,,,
571,promotion,,,,,couple,,,,,,,,,,,,,,,,,,,,,,,,,
572,portable,,,,,philip,,,,,,,,,,,,,,,,,,,,,,,,,
573,flaw,,,,,start,,,,,,,,,,,,,,,,,,,,,,,,,
574,invasion,,,,,specific,,,,,,,,,,,,,,,,,,,,,,,,,
575,interference,,,,,comfortable,,,,,,,,,,,,,,,,,,,,,,,,,
576,rubber,,,,,everyday,,,,,,,,,,,,,,,,,,,,,,,,,
577,shut,,,,,afraid,,,,,,,,,,,,,,,,,,,,,,,,,
578,navigate,,,,,utilizaci,,,,,,,,,,,,,,,,,,,,,,,,,
579,lol,,,,,accessible,,,,,,,,,,,,,,,,,,,,,,,,,
580,stop,,,,,sign,,,,,,,,,,,,,,,,,,,,,,,,,
581,baffle,,,,,false,,,,,,,,,,,,,,,,,,,,,,,,,
582,hardcore,,,,,defective,,,,,,,,,,,,,,,,,,,,,,,,,
583,line,,,,,modern,,,,,,,,,,,,,,,,,,,,,,,,,
584,disaster,,,,,technician,,,,,,,,,,,,,,,,,,,,,,,,,
585,edit,,,,,secret,,,,,,,,,,,,,,,,,,,,,,,,,
586,instant,,,,,cylindercal,,,,,,,,,,,,,,,,,,,,,,,,,
587,beat,,,,,powerful,,,,,,,,,,,,,,,,,,,,,,,,,
588,y,,,,,quiz,,,,,,,,,,,,,,,,,,,,,,,,,
589,project,,,,,heavy,,,,,,,,,,,,,,,,,,,,,,,,,
590,bar,,,,,else,,,,,,,,,,,,,,,,,,,,,,,,,
591,producto,,,,,due,,,,,,,,,,,,,,,,,,,,,,,,,
592,tune,,,,,wear,,,,,,,,,,,,,,,,,,,,,,,,,
593,inexperience,,,,,true,,,,,,,,,,,,,,,,,,,,,,,,,
594,confusion,,,,,additional,,,,,,,,,,,,,,,,,,,,,,,,,
595,wife,,,,,expanded,,,,,,,,,,,,,,,,,,,,,,,,,
596,power,,,,,final,,,,,,,,,,,,,,,,,,,,,,,,,
597,cheap,,,,,library,,,,,,,,,,,,,,,,,,,,,,,,,
598,keeper,,,,,voice,,,,,,,,,,,,,,,,,,,,,,,,,
599,privacy,,,,,small,,,,,,,,,,,,,,,,,,,,,,,,,
600,joy,,,,,bluetooth,,,,,,,,,,,,,,,,,,,,,,,,,
601,leaf,,,,,common,,,,,,,,,,,,,,,,,,,,,,,,,
602,preference,,,,,improving,,,,,,,,,,,,,,,,,,,,,,,,,
603,dorm,,,,,android,,,,,,,,,,,,,,,,,,,,,,,,,
604,favorite,,,,,medical,,,,,,,,,,,,,,,,,,,,,,,,,
605,zigbee,,,,,indundated,,,,,,,,,,,,,,,,,,,,,,,,,
606,detail,,,,,silver,,,,,,,,,,,,,,,,,,,,,,,,,
607,model,,,,,jamming,,,,,,,,,,,,,,,,,,,,,,,,,
608,staff,,,,,hahaawesome,,,,,,,,,,,,,,,,,,,,,,,,,
609,intelligent,,,,,tinny,,,,,,,,,,,,,,,,,,,,,,,,,
610,dollar,,,,,particular,,,,,,,,,,,,,,,,,,,,,,,,,
611,rating,,,,,certain,,,,,,,,,,,,,,,,,,,,,,,,,
612,equipment,,,,,early,,,,,,,,,,,,,,,,,,,,,,,,,
613,impede,,,,,minorly,,,,,,,,,,,,,,,,,,,,,,,,,
614,topic,,,,,correct,,,,,,,,,,,,,,,,,,,,,,,,,
615,keyboard,,,,,box,,,,,,,,,,,,,,,,,,,,,,,,,
616,thru,,,,,item,,,,,,,,,,,,,,,,,,,,,,,,,
617,beefy,,,,,techie,,,,,,,,,,,,,,,,,,,,,,,,,
618,issue,,,,,numb,,,,,,,,,,,,,,,,,,,,,,,,,
619,habla,,,,,leary,,,,,,,,,,,,,,,,,,,,,,,,,
620,alexia,,,,,many,,,,,,,,,,,,,,,,,,,,,,,,,
621,stand,,,,,realized,,,,,,,,,,,,,,,,,,,,,,,,,
622,stream,,,,,short,,,,,,,,,,,,,,,,,,,,,,,,,
623,hcfe,,,,,kindle,,,,,,,,,,,,,,,,,,,,,,,,,
624,alarm,,,,,yellow,,,,,,,,,,,,,,,,,,,,,,,,,
625,dare,,,,,classical,,,,,,,,,,,,,,,,,,,,,,,,,
626,exact,,,,,lazy,,,,,,,,,,,,,,,,,,,,,,,,,
627,answer,,,,,wellfour,,,,,,,,,,,,,,,,,,,,,,,,,
628,record,,,,,til,,,,,,,,,,,,,,,,,,,,,,,,,
629,cool,,,,,glad,,,,,,,,,,,,,,,,,,,,,,,,,
630,apple,,,,,mean,,,,,,,,,,,,,,,,,,,,,,,,,
631,premium,,,,,technical,,,,,,,,,,,,,,,,,,,,,,,,,
632,result,,,,,clear,,,,,,,,,,,,,,,,,,,,,,,,,
633,party,,,,,im,,,,,,,,,,,,,,,,,,,,,,,,,
634,update,,,,,reliable,,,,,,,,,,,,,,,,,,,,,,,,,
635,clockhome,,,,,enabled,,,,,,,,,,,,,,,,,,,,,,,,,
636,create,,,,,plug,,,,,,,,,,,,,,,,,,,,,,,,,
637,bulb,,,,,awesome,,,,,,,,,,,,,,,,,,,,,,,,,
638,class,,,,,cumbersome,,,,,,,,,,,,,,,,,,,,,,,,,
639,arlo,,,,,scottish,,,,,,,,,,,,,,,,,,,,,,,,,
640,range,,,,,ocean,,,,,,,,,,,,,,,,,,,,,,,,,
641,pare,,,,,large,,,,,,,,,,,,,,,,,,,,,,,,,
642,jaw,,,,,appointment,,,,,,,,,,,,,,,,,,,,,,,,,
643,carolina,,,,,long,,,,,,,,,,,,,,,,,,,,,,,,,
644,counter,,,,,amazon,,,,,,,,,,,,,,,,,,,,,,,,,
645,al,,,,,continous,,,,,,,,,,,,,,,,,,,,,,,,,
646,firestick,,,,,several,,,,,,,,,,,,,,,,,,,,,,,,,
647,hmm,,,,,arrive,,,,,,,,,,,,,,,,,,,,,,,,,
648,equalizer,,,,,mute,,,,,,,,,,,,,,,,,,,,,,,,,
649,glitch,,,,,wireless,,,,,,,,,,,,,,,,,,,,,,,,,
650,hd,,,,,side,,,,,,,,,,,,,,,,,,,,,,,,,
651,stellar,,,,,thermostat,,,,,,,,,,,,,,,,,,,,,,,,,
652,got,,,,,inside,,,,,,,,,,,,,,,,,,,,,,,,,
653,see,,,,,twice,,,,,,,,,,,,,,,,,,,,,,,,,
654,bottom,,,,,next,,,,,,,,,,,,,,,,,,,,,,,,,
655,versa,,,,,tasha,,,,,,,,,,,,,,,,,,,,,,,,,
656,imperfection,,,,,owlhead,,,,,,,,,,,,,,,,,,,,,,,,,
657,pic,,,,,clock,,,,,,,,,,,,,,,,,,,,,,,,,
658,forward,,,,,knowledgeable,,,,,,,,,,,,,,,,,,,,,,,,,
659,colon,,,,,weird,,,,,,,,,,,,,,,,,,,,,,,,,
660,mobility,,,,,playlist,,,,,,,,,,,,,,,,,,,,,,,,,
661,catch,,,,,wifi,,,,,,,,,,,,,,,,,,,,,,,,,
662,restriction,,,,,straight,,,,,,,,,,,,,,,,,,,,,,,,,
663,array,,,,,affordable,,,,,,,,,,,,,,,,,,,,,,,,,
664,read,,,,,rare,,,,,,,,,,,,,,,,,,,,,,,,,
665,su,,,,,flat,,,,,,,,,,,,,,,,,,,,,,,,,
666,cover,,,,,hiccup,,,,,,,,,,,,,,,,,,,,,,,,,
667,law,,,,,useless,,,,,,,,,,,,,,,,,,,,,,,,,
668,philip,,,,,tp,,,,,,,,,,,,,,,,,,,,,,,,,
669,afraid,,,,,onetime,,,,,,,,,,,,,,,,,,,,,,,,,
670,entertainment,,,,,restrictive,,,,,,,,,,,,,,,,,,,,,,,,,
671,cr,,,,,learning,,,,,,,,,,,,,,,,,,,,,,,,,
672,change,,,,,spent,,,,,,,,,,,,,,,,,,,,,,,,,
673,restart,,,,,single,,,,,,,,,,,,,,,,,,,,,,,,,
674,struggle,,,,,build,,,,,,,,,,,,,,,,,,,,,,,,,
675,address,,,,,wish,,,,,,,,,,,,,,,,,,,,,,,,,
676,endless,,,,,shipping,,,,,,,,,,,,,,,,,,,,,,,,,
677,doctor,,,,,present,,,,,,,,,,,,,,,,,,,,,,,,,
678,charge,,,,,ten,,,,,,,,,,,,,,,,,,,,,,,,,
679,nexia,,,,,online,,,,,,,,,,,,,,,,,,,,,,,,,
680,healing,,,,,neat,,,,,,,,,,,,,,,,,,,,,,,,,
681,cordthank,,,,,degree,,,,,,,,,,,,,,,,,,,,,,,,,
682,sofa,,,,,sigh,,,,,,,,,,,,,,,,,,,,,,,,,
683,thick,,,,,bizarre,,,,,,,,,,,,,,,,,,,,,,,,,
684,ti,,,,,phrase,,,,,,,,,,,,,,,,,,,,,,,,,
685,pair,,,,,uncle,,,,,,,,,,,,,,,,,,,,,,,,,
686,cook,,,,,chose,,,,,,,,,,,,,,,,,,,,,,,,,
687,action,,,,,worthy,,,,,,,,,,,,,,,,,,,,,,,,,
688,bolt,,,,,locate,,,,,,,,,,,,,,,,,,,,,,,,,
689,imagination,,,,,typical,,,,,,,,,,,,,,,,,,,,,,,,,
690,persuasion,,,,,n,,,,,,,,,,,,,,,,,,,,,,,,,
691,world,,,,,free,,,,,,,,,,,,,,,,,,,,,,,,,
692,plug,,,,,unplug,,,,,,,,,,,,,,,,,,,,,,,,,
693,appointment,,,,,ummm,,,,,,,,,,,,,,,,,,,,,,,,,
694,side,,,,,ghz,,,,,,,,,,,,,,,,,,,,,,,,,
695,thermostat,,,,,paranoid,,,,,,,,,,,,,,,,,,,,,,,,,
696,mid,,,,,lil,,,,,,,,,,,,,,,,,,,,,,,,,
697,room,,,,,station,,,,,,,,,,,,,,,,,,,,,,,,,
698,weird,,,,,switch,,,,,,,,,,,,,,,,,,,,,,,,,
699,playlist,,,,,shelled,,,,,,,,,,,,,,,,,,,,,,,,,
700,brand,,,,,eg,,,,,,,,,,,,,,,,,,,,,,,,,
701,attempt,,,,,stupid,,,,,,,,,,,,,,,,,,,,,,,,,
702,snell,,,,,respond,,,,,,,,,,,,,,,,,,,,,,,,,
703,pant,,,,,intermittent,,,,,,,,,,,,,,,,,,,,,,,,,
704,truly,,,,,nois,,,,,,,,,,,,,,,,,,,,,,,,,
705,shipping,,,,,dented,,,,,,,,,,,,,,,,,,,,,,,,,
706,temperature,,,,,fall,,,,,,,,,,,,,,,,,,,,,,,,,
707,online,,,,,alexa,,,,,,,,,,,,,,,,,,,,,,,,,
708,uncle,,,,,aware,,,,,,,,,,,,,,,,,,,,,,,,,
709,n,,,,,break,,,,,,,,,,,,,,,,,,,,,,,,,
710,buying,,,,,gotten,,,,,,,,,,,,,,,,,,,,,,,,,
711,respond,,,,,preferred,,,,,,,,,,,,,,,,,,,,,,,,,
712,enjoying,,,,,sent,,,,,,,,,,,,,,,,,,,,,,,,,
713,cordless,,,,,google,,,,,,,,,,,,,,,,,,,,,,,,,
714,gain,,,,,helful,,,,,,,,,,,,,,,,,,,,,,,,,
715,directtv,,,,,speaker,,,,,,,,,,,,,,,,,,,,,,,,,
716,speaker,,,,,unbelievable,,,,,,,,,,,,,,,,,,,,,,,,,
717,charm,,,,,hard,,,,,,,,,,,,,,,,,,,,,,,,,
718,tosca,,,,,spam,,,,,,,,,,,,,,,,,,,,,,,,,
719,perfect,,,,,keen,,,,,,,,,,,,,,,,,,,,,,,,,
720,thank,,,,,birthday,,,,,,,,,,,,,,,,,,,,,,,,,
721,accustom,,,,,guide,,,,,,,,,,,,,,,,,,,,,,,,,
722,existent,,,,,husband,,,,,,,,,,,,,,,,,,,,,,,,,
723,function,,,,,daily,,,,,,,,,,,,,,,,,,,,,,,,,
724,orange,,,,,settingshome,,,,,,,,,,,,,,,,,,,,,,,,,
725,chalk,,,,,perfect,,,,,,,,,,,,,,,,,,,,,,,,,
726,image,,,,,thank,,,,,,,,,,,,,,,,,,,,,,,,,
727,individual,,,,,recommend,,,,,,,,,,,,,,,,,,,,,,,,,
728,voltage,,,,,underestimated,,,,,,,,,,,,,,,,,,,,,,,,,
729,hotel,,,,,alexis,,,,,,,,,,,,,,,,,,,,,,,,,
730,carrier,,,,,green,,,,,,,,,,,,,,,,,,,,,,,,,
731,print,,,,,communicate,,,,,,,,,,,,,,,,,,,,,,,,,
732,connection,,,,,bedside,,,,,,,,,,,,,,,,,,,,,,,,,
733,boom,,,,,den,,,,,,,,,,,,,,,,,,,,,,,,,
734,wonder,,,,,southern,,,,,,,,,,,,,,,,,,,,,,,,,
735,knowledge,,,,,voila,,,,,,,,,,,,,,,,,,,,,,,,,
736,command,,,,,young,,,,,,,,,,,,,,,,,,,,,,,,,
737,hesitate,,,,,used,,,,,,,,,,,,,,,,,,,,,,,,,
738,decide,,,,,tried,,,,,,,,,,,,,,,,,,,,,,,,,
739,nrw,,,,,nsa,,,,,,,,,,,,,,,,,,,,,,,,,
740,page,,,,,flexible,,,,,,,,,,,,,,,,,,,,,,,,,
741,blast,,,,,prior,,,,,,,,,,,,,,,,,,,,,,,,,
742,office,,,,,enjoyable,,,,,,,,,,,,,,,,,,,,,,,,,
743,directv,,,,,bose,,,,,,,,,,,,,,,,,,,,,,,,,
744,minute,,,,,indispensable,,,,,,,,,,,,,,,,,,,,,,,,,
745,choice,,,,,flawless,,,,,,,,,,,,,,,,,,,,,,,,,
746,convenient,,,,,self,,,,,,,,,,,,,,,,,,,,,,,,,
747,prd,,,,,individual,,,,,,,,,,,,,,,,,,,,,,,,,
748,sentence,,,,,app,,,,,,,,,,,,,,,,,,,,,,,,,
749,verbalize,,,,,dictionary,,,,,,,,,,,,,,,,,,,,,,,,,
750,multiple,,,,,cbs,,,,,,,,,,,,,,,,,,,,,,,,,
751,yard,,,,,temp,,,,,,,,,,,,,,,,,,,,,,,,,
752,possibility,,,,,dash,,,,,,,,,,,,,,,,,,,,,,,,,
753,tap,,,,,soundtouch,,,,,,,,,,,,,,,,,,,,,,,,,
754,fussy,,,,,skype,,,,,,,,,,,,,,,,,,,,,,,,,
755,workout,,,,,direct,,,,,,,,,,,,,,,,,,,,,,,,,
756,fidelity,,,,,rotate,,,,,,,,,,,,,,,,,,,,,,,,,
757,amozon,,,,,feedback,,,,,,,,,,,,,,,,,,,,,,,,,
758,fill,,,,,piece,,,,,,,,,,,,,,,,,,,,,,,,,
759,standard,,,,,quote,,,,,,,,,,,,,,,,,,,,,,,,,
760,con,,,,,agree,,,,,,,,,,,,,,,,,,,,,,,,,
761,pull,,,,,irritated,,,,,,,,,,,,,,,,,,,,,,,,,
762,require,,,,,echo,,,,,,,,,,,,,,,,,,,,,,,,,
763,tinker,,,,,native,,,,,,,,,,,,,,,,,,,,,,,,,
764,operator,,,,,superior,,,,,,,,,,,,,,,,,,,,,,,,,
765,clarity,,,,,spectacular,,,,,,,,,,,,,,,,,,,,,,,,,
766,spoke,,,,,amazed,,,,,,,,,,,,,,,,,,,,,,,,,
767,cousin,,,,,bundle,,,,,,,,,,,,,,,,,,,,,,,,,
768,keep,,,,,knowledge,,,,,,,,,,,,,,,,,,,,,,,,,
769,check,,,,,regret,,,,,,,,,,,,,,,,,,,,,,,,,
770,olor,,,,,lived,,,,,,,,,,,,,,,,,,,,,,,,,
771,partner,,,,,niece,,,,,,,,,,,,,,,,,,,,,,,,,
772,espanol,,,,,joked,,,,,,,,,,,,,,,,,,,,,,,,,
773,gazebo,,,,,decide,,,,,,,,,,,,,,,,,,,,,,,,,
774,install,,,,,hub,,,,,,,,,,,,,,,,,,,,,,,,,
775,longer,,,,,white,,,,,,,,,,,,,,,,,,,,,,,,,
776,fairness,,,,,alread,,,,,,,,,,,,,,,,,,,,,,,,,
777,advertising,,,,,send,,,,,,,,,,,,,,,,,,,,,,,,,
778,opportunity,,,,,thursday,,,,,,,,,,,,,,,,,,,,,,,,,
779,cm,,,,,horrible,,,,,,,,,,,,,,,,,,,,,,,,,
780,nightstand,,,,,rst,,,,,,,,,,,,,,,,,,,,,,,,,
781,maneuver,,,,,customizable,,,,,,,,,,,,,,,,,,,,,,,,,
782,blood,,,,,directv,,,,,,,,,,,,,,,,,,,,,,,,,
783,output,,,,,asap,,,,,,,,,,,,,,,,,,,,,,,,,
784,storage,,,,,minute,,,,,,,,,,,,,,,,,,,,,,,,,
785,suck,,,,,normal,,,,,,,,,,,,,,,,,,,,,,,,,
786,bring,,,,,convenient,,,,,,,,,,,,,,,,,,,,,,,,,
787,joke,,,,,indoor,,,,,,,,,,,,,,,,,,,,,,,,,
788,alot,,,,,make,,,,,,,,,,,,,,,,,,,,,,,,,
789,cooking,,,,,un,,,,,,,,,,,,,,,,,,,,,,,,,
790,nope,,,,,multiple,,,,,,,,,,,,,,,,,,,,,,,,,
791,laughter,,,,,yard,,,,,,,,,,,,,,,,,,,,,,,,,
792,leg,,,,,vast,,,,,,,,,,,,,,,,,,,,,,,,,
793,rep,,,,,savvy,,,,,,,,,,,,,,,,,,,,,,,,,
794,button,,,,,upgraded,,,,,,,,,,,,,,,,,,,,,,,,,
795,nit,,,,,disappointed,,,,,,,,,,,,,,,,,,,,,,,,,
796,yr,,,,,buck,,,,,,,,,,,,,,,,,,,,,,,,,
797,purchasing,,,,,infact,,,,,,,,,,,,,,,,,,,,,,,,,
798,llama,,,,,aloud,,,,,,,,,,,,,,,,,,,,,,,,,
799,malone,,,,,little,,,,,,,,,,,,,,,,,,,,,,,,,
800,persist,,,,,gift,,,,,,,,,,,,,,,,,,,,,,,,,
801,service,,,,,nbc,,,,,,,,,,,,,,,,,,,,,,,,,
802,college,,,,,monthly,,,,,,,,,,,,,,,,,,,,,,,,,
803,news,,,,,se,,,,,,,,,,,,,,,,,,,,,,,,,
804,blanket,,,,,alert,,,,,,,,,,,,,,,,,,,,,,,,,
805,access,,,,,doubtful,,,,,,,,,,,,,,,,,,,,,,,,,
806,deactivate,,,,,worth,,,,,,,,,,,,,,,,,,,,,,,,,
807,customer,,,,,human,,,,,,,,,,,,,,,,,,,,,,,,,
808,bargain,,,,,tap,,,,,,,,,,,,,,,,,,,,,,,,,
809,number,,,,,hint,,,,,,,,,,,,,,,,,,,,,,,,,
810,web,,,,,weary,,,,,,,,,,,,,,,,,,,,,,,,,
811,glitching,,,,,assistant,,,,,,,,,,,,,,,,,,,,,,,,,
812,kwikset,,,,,terrific,,,,,,,,,,,,,,,,,,,,,,,,,
813,version,,,,,oven,,,,,,,,,,,,,,,,,,,,,,,,,
814,charlotte,,,,,purchased,,,,,,,,,,,,,,,,,,,,,,,,,
815,outsmart,,,,,regional,,,,,,,,,,,,,,,,,,,,,,,,,
816,trip,,,,,standard,,,,,,,,,,,,,,,,,,,,,,,,,
817,reset,,,,,isue,,,,,,,,,,,,,,,,,,,,,,,,,
818,twitter,,,,,batman,,,,,,,,,,,,,,,,,,,,,,,,,
819,disability,,,,,pleased,,,,,,,,,,,,,,,,,,,,,,,,,
820,comment,,,,,minor,,,,,,,,,,,,,,,,,,,,,,,,,
821,mint,,,,,complaint,,,,,,,,,,,,,,,,,,,,,,,,,
822,recipient,,,,,skeptical,,,,,,,,,,,,,,,,,,,,,,,,,
823,island,,,,,satisfied,,,,,,,,,,,,,,,,,,,,,,,,,
824,june,,,,,lot,,,,,,,,,,,,,,,,,,,,,,,,,
825,age,,,,,id,,,,,,,,,,,,,,,,,,,,,,,,,
826,necessity,,,,,hooked,,,,,,,,,,,,,,,,,,,,,,,,,
827,com,,,,,con,,,,,,,,,,,,,,,,,,,,,,,,,
828,etc,,,,,pull,,,,,,,,,,,,,,,,,,,,,,,,,
829,everyone,,,,,message,,,,,,,,,,,,,,,,,,,,,,,,,
830,general,,,,,unusable,,,,,,,,,,,,,,,,,,,,,,,,,
831,warranty,,,,,work,,,,,,,,,,,,,,,,,,,,,,,,,
832,cat,,,,,learn,,,,,,,,,,,,,,,,,,,,,,,,,
833,billboard,,,,,good,,,,,,,,,,,,,,,,,,,,,,,,,
834,dylan,,,,,refurbishedthought,,,,,,,,,,,,,,,,,,,,,,,,,
835,time,,,,,received,,,,,,,,,,,,,,,,,,,,,,,,,
836,order,,,,,disposable,,,,,,,,,,,,,,,,,,,,,,,,,
837,bell,,,,,beautiful,,,,,,,,,,,,,,,,,,,,,,,,,
838,mainstream,,,,,content,,,,,,,,,,,,,,,,,,,,,,,,,
839,fan,,,,,forth,,,,,,,,,,,,,,,,,,,,,,,,,
840,sopt,,,,,uninstall,,,,,,,,,,,,,,,,,,,,,,,,,
841,gameshow,,,,,reasonable,,,,,,,,,,,,,,,,,,,,,,,,,
842,advantage,,,,,bad,,,,,,,,,,,,,,,,,,,,,,,,,
843,font,,,,,a,,,,,,,,,,,,,,,,,,,,,,,,,
844,ttl,,,,,stubborn,,,,,,,,,,,,,,,,,,,,,,,,,
845,dim,,,,,attach,,,,,,,,,,,,,,,,,,,,,,,,,
846,month,,,,,widespread,,,,,,,,,,,,,,,,,,,,,,,,,
847,none,,,,,keep,,,,,,,,,,,,,,,,,,,,,,,,,
848,test,,,,,x,,,,,,,,,,,,,,,,,,,,,,,,,
849,software,,,,,recent,,,,,,,,,,,,,,,,,,,,,,,,,
850,youtube,,,,,know,,,,,,,,,,,,,,,,,,,,,,,,,
851,communication,,,,,forjust,,,,,,,,,,,,,,,,,,,,,,,,,
852,week,,,,,turn,,,,,,,,,,,,,,,,,,,,,,,,,
853,wind,,,,,clean,,,,,,,,,,,,,,,,,,,,,,,,,
854,anyhow,,,,,lyrical,,,,,,,,,,,,,,,,,,,,,,,,,
855,sooooo,,,,,install,,,,,,,,,,,,,,,,,,,,,,,,,
856,tall,,,,,udefulness,,,,,,,,,,,,,,,,,,,,,,,,,
857,weather,,,,,dark,,,,,,,,,,,,,,,,,,,,,,,,,
858,relief,,,,,phenomenal,,,,,,,,,,,,,,,,,,,,,,,,,
859,touch,,,,,responsive,,,,,,,,,,,,,,,,,,,,,,,,,
860,quicker,,,,,toilet,,,,,,,,,,,,,,,,,,,,,,,,,
861,provee,,,,,willing,,,,,,,,,,,,,,,,,,,,,,,,,
862,realize,,,,,text,,,,,,,,,,,,,,,,,,,,,,,,,
863,usage,,,,,wattage,,,,,,,,,,,,,,,,,,,,,,,,,
864,hue,,,,,slow,,,,,,,,,,,,,,,,,,,,,,,,,
865,teenager,,,,,addict,,,,,,,,,,,,,,,,,,,,,,,,,
866,member,,,,,limited,,,,,,,,,,,,,,,,,,,,,,,,,
867,revise,,,,,handle,,,,,,,,,,,,,,,,,,,,,,,,,
868,hauler,,,,,suck,,,,,,,,,,,,,,,,,,,,,,,,,
869,e,,,,,bundled,,,,,,,,,,,,,,,,,,,,,,,,,
870,snooze,,,,,co,,,,,,,,,,,,,,,,,,,,,,,,,
871,enjoyment,,,,,silly,,,,,,,,,,,,,,,,,,,,,,,,,
872,demand,,,,,improve,,,,,,,,,,,,,,,,,,,,,,,,,
873,nightmare,,,,,quiet,,,,,,,,,,,,,,,,,,,,,,,,,
874,rate,,,,,adjustment,,,,,,,,,,,,,,,,,,,,,,,,,
875,price,,,,,ai,,,,,,,,,,,,,,,,,,,,,,,,,
876,laundry,,,,,rechargeable,,,,,,,,,,,,,,,,,,,,,,,,,
877,bf,,,,,bedtime,,,,,,,,,,,,,,,,,,,,,,,,,
878,preview,,,,,upstairs,,,,,,,,,,,,,,,,,,,,,,,,,
879,response,,,,,aunt,,,,,,,,,,,,,,,,,,,,,,,,,
880,replacement,,,,,adorable,,,,,,,,,,,,,,,,,,,,,,,,,
881,option,,,,,deep,,,,,,,,,,,,,,,,,,,,,,,,,
882,owner,,,,,strange,,,,,,,,,,,,,,,,,,,,,,,,,
883,kick,,,,,pattern,,,,,,,,,,,,,,,,,,,,,,,,,
884,neighbor,,,,,random,,,,,,,,,,,,,,,,,,,,,,,,,
885,tg,,,,,groggy,,,,,,,,,,,,,,,,,,,,,,,,,
886,link,,,,,bot,,,,,,,,,,,,,,,,,,,,,,,,,
887,dhiw,,,,,woohoo,,,,,,,,,,,,,,,,,,,,,,,,,
888,try,,,,,impressive,,,,,,,,,,,,,,,,,,,,,,,,,
889,universal,,,,,discourage,,,,,,,,,,,,,,,,,,,,,,,,,
890,woofer,,,,,internal,,,,,,,,,,,,,,,,,,,,,,,,,
891,drop,,,,,front,,,,,,,,,,,,,,,,,,,,,,,,,
892,spot,,,,,acceptable,,,,,,,,,,,,,,,,,,,,,,,,,
893,versatility,,,,,non,,,,,,,,,,,,,,,,,,,,,,,,,
894,huele,,,,,holiday,,,,,,,,,,,,,,,,,,,,,,,,,
895,extend,,,,,surprising,,,,,,,,,,,,,,,,,,,,,,,,,
896,infotainment,,,,,tv,,,,,,,,,,,,,,,,,,,,,,,,,
897,love,,,,,knowledgable,,,,,,,,,,,,,,,,,,,,,,,,,
898,fire,,,,,ideal,,,,,,,,,,,,,,,,,,,,,,,,,
899,email,,,,,future,,,,,,,,,,,,,,,,,,,,,,,,,
900,que,,,,,steep,,,,,,,,,,,,,,,,,,,,,,,,,
901,table,,,,,electronic,,,,,,,,,,,,,,,,,,,,,,,,,
902,comfort,,,,,looked,,,,,,,,,,,,,,,,,,,,,,,,,
903,management,,,,,save,,,,,,,,,,,,,,,,,,,,,,,,,
904,lightbulb,,,,,tie,,,,,,,,,,,,,,,,,,,,,,,,,
905,unit,,,,,british,,,,,,,,,,,,,,,,,,,,,,,,,
906,duty,,,,,unlimited,,,,,,,,,,,,,,,,,,,,,,,,,
907,need,,,,,specify,,,,,,,,,,,,,,,,,,,,,,,,,
908,stump,,,,,weekly,,,,,,,,,,,,,,,,,,,,,,,,,
909,disarm,,,,,nc,,,,,,,,,,,,,,,,,,,,,,,,,
910,conspiracy,,,,,feature,,,,,,,,,,,,,,,,,,,,,,,,,
911,plus,,,,,yale,,,,,,,,,,,,,,,,,,,,,,,,,
912,amazing,,,,,helpful,,,,,,,,,,,,,,,,,,,,,,,,,
913,wherever,,,,,informative,,,,,,,,,,,,,,,,,,,,,,,,,
914,arm,,,,,dementia,,,,,,,,,,,,,,,,,,,,,,,,,
915,speaking,,,,,give,,,,,,,,,,,,,,,,,,,,,,,,,
916,felt,,,,,custom,,,,,,,,,,,,,,,,,,,,,,,,,
917,warehouse,,,,,fantastic,,,,,,,,,,,,,,,,,,,,,,,,,
918,beam,,,,,comparable,,,,,,,,,,,,,,,,,,,,,,,,,
919,ethernet,,,,,significant,,,,,,,,,,,,,,,,,,,,,,,,,
920,finding,,,,,opt,,,,,,,,,,,,,,,,,,,,,,,,,
921,darn,,,,,cut,,,,,,,,,,,,,,,,,,,,,,,,,
922,pup,,,,,liked,,,,,,,,,,,,,,,,,,,,,,,,,
923,want,,,,,muffled,,,,,,,,,,,,,,,,,,,,,,,,,
924,hype,,,,,snoozed,,,,,,,,,,,,,,,,,,,,,,,,,
925,chachki,,,,,rid,,,,,,,,,,,,,,,,,,,,,,,,,
926,purchase,,,,,web,,,,,,,,,,,,,,,,,,,,,,,,,
927,note,,,,,disappointment,,,,,,,,,,,,,,,,,,,,,,,,,
928,extension,,,,,unplugged,,,,,,,,,,,,,,,,,,,,,,,,,
929,expect,,,,,able,,,,,,,,,,,,,,,,,,,,,,,,,
930,cozi,,,,,lamp,,,,,,,,,,,,,,,,,,,,,,,,,
931,anyone,,,,,ask,,,,,,,,,,,,,,,,,,,,,,,,,
932,champ,,,,,loved,,,,,,,,,,,,,,,,,,,,,,,,,
933,waste,,,,,abd,,,,,,,,,,,,,,,,,,,,,,,,,
934,hdm,,,,,reset,,,,,,,,,,,,,,,,,,,,,,,,,
935,alcohol,,,,,tremendous,,,,,,,,,,,,,,,,,,,,,,,,,
936,outlet,,,,,allow,,,,,,,,,,,,,,,,,,,,,,,,,
937,square,,,,,receive,,,,,,,,,,,,,,,,,,,,,,,,,
938,divertido,,,,,picky,,,,,,,,,,,,,,,,,,,,,,,,,
939,rename,,,,,personal,,,,,,,,,,,,,,,,,,,,,,,,,
940,disappoint,,,,,updating,,,,,,,,,,,,,,,,,,,,,,,,,
941,aide,,,,,enjoy,,,,,,,,,,,,,,,,,,,,,,,,,
942,consulting,,,,,intercom,,,,,,,,,,,,,,,,,,,,,,,,,
943,gaming,,,,,tony,,,,,,,,,,,,,,,,,,,,,,,,,
944,shape,,,,,evaluate,,,,,,,,,,,,,,,,,,,,,,,,,
945,appliance,,,,,messaging,,,,,,,,,,,,,,,,,,,,,,,,,
946,thu,,,,,impulse,,,,,,,,,,,,,,,,,,,,,,,,,
947,course,,,,,concerned,,,,,,,,,,,,,,,,,,,,,,,,,
948,utility,,,,,sturdy,,,,,,,,,,,,,,,,,,,,,,,,,
949,camelot,,,,,inclusive,,,,,,,,,,,,,,,,,,,,,,,,,
950,schedule,,,,,etc,,,,,,,,,,,,,,,,,,,,,,,,,
951,contact,,,,,found,,,,,,,,,,,,,,,,,,,,,,,,,
952,kid,,,,,complain,,,,,,,,,,,,,,,,,,,,,,,,,
953,remote,,,,,hesitant,,,,,,,,,,,,,,,,,,,,,,,,,
954,assistance,,,,,channel,,,,,,,,,,,,,,,,,,,,,,,,,
955,birth,,,,,adjacent,,,,,,,,,,,,,,,,,,,,,,,,,
956,versus,,,,,fair,,,,,,,,,,,,,,,,,,,,,,,,,
957,everywhere,,,,,nanny,,,,,,,,,,,,,,,,,,,,,,,,,
958,internet,,,,,kitchen,,,,,,,,,,,,,,,,,,,,,,,,,
959,instruction,,,,,likely,,,,,,,,,,,,,,,,,,,,,,,,,
960,estudio,,,,,usb,,,,,,,,,,,,,,,,,,,,,,,,,
961,agreement,,,,,general,,,,,,,,,,,,,,,,,,,,,,,,,
962,top,,,,,device,,,,,,,,,,,,,,,,,,,,,,,,,
963,pointless,,,,,american,,,,,,,,,,,,,,,,,,,,,,,,,
964,d,,,,,virtual,,,,,,,,,,,,,,,,,,,,,,,,,
965,name,,,,,equal,,,,,,,,,,,,,,,,,,,,,,,,,
966,tone,,,,,luv,,,,,,,,,,,,,,,,,,,,,,,,,
967,cnn,,,,,warranty,,,,,,,,,,,,,,,,,,,,,,,,,
968,group,,,,,ant,,,,,,,,,,,,,,,,,,,,,,,,,
969,provider,,,,,outside,,,,,,,,,,,,,,,,,,,,,,,,,
970,come,,,,,shine,,,,,,,,,,,,,,,,,,,,,,,,,
971,junk,,,,,rent,,,,,,,,,,,,,,,,,,,,,,,,,
972,vacuum,,,,,troublesome,,,,,,,,,,,,,,,,,,,,,,,,,
973,fine,,,,,previous,,,,,,,,,,,,,,,,,,,,,,,,,
974,storm,,,,,difficult,,,,,,,,,,,,,,,,,,,,,,,,,
975,wishing,,,,,stuck,,,,,,,,,,,,,,,,,,,,,,,,,
976,eliminate,,,,,sound,,,,,,,,,,,,,,,,,,,,,,,,,
977,sport,,,,,full,,,,,,,,,,,,,,,,,,,,,,,,,
978,set,,,,,fan,,,,,,,,,,,,,,,,,,,,,,,,,
979,denon,,,,,ve,,,,,,,,,,,,,,,,,,,,,,,,,
980,lover,,,,,hulu,,,,,,,,,,,,,,,,,,,,,,,,,
981,bonus,,,,,old,,,,,,,,,,,,,,,,,,,,,,,,,
982,dimat,,,,,video,,,,,,,,,,,,,,,,,,,,,,,,,
983,jack,,,,,dim,,,,,,,,,,,,,,,,,,,,,,,,,
984,streaming,,,,,natural,,,,,,,,,,,,,,,,,,,,,,,,,
985,door,,,,,god,,,,,,,,,,,,,,,,,,,,,,,,,
986,reference,,,,,interrogated,,,,,,,,,,,,,,,,,,,,,,,,,
987,hr,,,,,characteristic,,,,,,,,,,,,,,,,,,,,,,,,,
988,light,,,,,wasnt,,,,,,,,,,,,,,,,,,,,,,,,,
989,compacity,,,,,confused,,,,,,,,,,,,,,,,,,,,,,,,,
990,government,,,,,entire,,,,,,,,,,,,,,,,,,,,,,,,,
991,shipment,,,,,male,,,,,,,,,,,,,,,,,,,,,,,,,
992,stereo,,,,,s,,,,,,,,,,,,,,,,,,,,,,,,,
993,base,,,,,awful,,,,,,,,,,,,,,,,,,,,,,,,,
994,description,,,,,sure,,,,,,,,,,,,,,,,,,,,,,,,,
995,happier,,,,,guilty,,,,,,,,,,,,,,,,,,,,,,,,,
996,ditch,,,,,solid,,,,,,,,,,,,,,,,,,,,,,,,,
997,manufacturer,,,,,sad,,,,,,,,,,,,,,,,,,,,,,,,,
998,component,,,,,mini,,,,,,,,,,,,,,,,,,,,,,,,,
999,sony,,,,,hold,,,,,,,,,,,,,,,,,,,,,,,,,
1000,conditioning,,,,,anticipated,,,,,,,,,,,,,,,,,,,,,,,,,
1001,spend,,,,,youtube,,,,,,,,,,,,,,,,,,,,,,,,,
1002,doorbell,,,,,right,,,,,,,,,,,,,,,,,,,,,,,,,
1003,efficiency,,,,,tale,,,,,,,,,,,,,,,,,,,,,,,,,
1004,list,,,,,interested,,,,,,,,,,,,,,,,,,,,,,,,,
1005,dryer,,,,,havent,,,,,,,,,,,,,,,,,,,,,,,,,
1006,act,,,,,alternative,,,,,,,,,,,,,,,,,,,,,,,,,
1007,reconfigure,,,,,son,,,,,,,,,,,,,,,,,,,,,,,,,
1008,freeze,,,,,woken,,,,,,,,,,,,,,,,,,,,,,,,,
1009,cam,,,,,camera,,,,,,,,,,,,,,,,,,,,,,,,,
1010,disagree,,,,,sooooo,,,,,,,,,,,,,,,,,,,,,,,,,
1011,gather,,,,,homescreen,,,,,,,,,,,,,,,,,,,,,,,,,
1012,audiophile,,,,,scroll,,,,,,,,,,,,,,,,,,,,,,,,,
1013,gateway,,,,,squirm,,,,,,,,,,,,,,,,,,,,,,,,,
1014,life,,,,,tall,,,,,,,,,,,,,,,,,,,,,,,,,
1015,mode,,,,,explicit,,,,,,,,,,,,,,,,,,,,,,,,,
1016,reportsalarm,,,,,functionality,,,,,,,,,,,,,,,,,,,,,,,,,
1017,find,,,,,unsettling,,,,,,,,,,,,,,,,,,,,,,,,,
1018,aspect,,,,,quick,,,,,,,,,,,,,,,,,,,,,,,,,
1019,poster,,,,,visible,,,,,,,,,,,,,,,,,,,,,,,,,
1020,thou,,,,,thrilled,,,,,,,,,,,,,,,,,,,,,,,,,
1021,livingroom,,,,,ll,,,,,,,,,,,,,,,,,,,,,,,,,
1022,galaxy,,,,,notification,,,,,,,,,,,,,,,,,,,,,,,,,
1023,prime,,,,,weather,,,,,,,,,,,,,,,,,,,,,,,,,
1024,alright,,,,,interface,,,,,,,,,,,,,,,,,,,,,,,,,
1025,upsetting,,,,,essential,,,,,,,,,,,,,,,,,,,,,,,,,
1026,title,,,,,look,,,,,,,,,,,,,,,,,,,,,,,,,
1027,listening,,,,,touch,,,,,,,,,,,,,,,,,,,,,,,,,
1028,way,,,,,inferior,,,,,,,,,,,,,,,,,,,,,,,,,
1029,figure,,,,,usual,,,,,,,,,,,,,,,,,,,,,,,,,
1030,picking,,,,,realize,,,,,,,,,,,,,,,,,,,,,,,,,
1031,dunno,,,,,stylish,,,,,,,,,,,,,,,,,,,,,,,,,
1032,sister,,,,,incredible,,,,,,,,,,,,,,,,,,,,,,,,,
1033,daughter,,,,,savy,,,,,,,,,,,,,,,,,,,,,,,,,
1034,sweet,,,,,hue,,,,,,,,,,,,,,,,,,,,,,,,,
1035,trivia,,,,,stay,,,,,,,,,,,,,,,,,,,,,,,,,
1036,period,,,,,careless,,,,,,,,,,,,,,,,,,,,,,,,,
1037,loud,,,,,usage,,,,,,,,,,,,,,,,,,,,,,,,,
1038,prize,,,,,forgotten,,,,,,,,,,,,,,,,,,,,,,,,,
1039,bathroom,,,,,crisp,,,,,,,,,,,,,,,,,,,,,,,,,
1040,recognition,,,,,wrong,,,,,,,,,,,,,,,,,,,,,,,,,
1041,setup,,,,,bible,,,,,,,,,,,,,,,,,,,,,,,,,
1042,baby,,,,,adequate,,,,,,,,,,,,,,,,,,,,,,,,,
1043,trailer,,,,,jeapordy,,,,,,,,,,,,,,,,,,,,,,,,,
1044,mom,,,,,dinosaur,,,,,,,,,,,,,,,,,,,,,,,,,
1045,scene,,,,,enough,,,,,,,,,,,,,,,,,,,,,,,,,
1046,sore,,,,,hectic,,,,,,,,,,,,,,,,,,,,,,,,,
1047,verse,,,,,plugged,,,,,,,,,,,,,,,,,,,,,,,,,
1048,effect,,,,,ready,,,,,,,,,,,,,,,,,,,,,,,,,
1049,sense,,,,,subject,,,,,,,,,,,,,,,,,,,,,,,,,
1050,hassel,,,,,e,,,,,,,,,,,,,,,,,,,,,,,,,
1051,pencil,,,,,close,,,,,,,,,,,,,,,,,,,,,,,,,
1052,spouse,,,,,snooze,,,,,,,,,,,,,,,,,,,,,,,,,
1053,developer,,,,,oh,,,,,,,,,,,,,,,,,,,,,,,,,
1054,plenty,,,,,refurbish,,,,,,,,,,,,,,,,,,,,,,,,,
1055,experience,,,,,enjoyment,,,,,,,,,,,,,,,,,,,,,,,,,
1056,load,,,,,unexpected,,,,,,,,,,,,,,,,,,,,,,,,,
1057,timer,,,,,low,,,,,,,,,,,,,,,,,,,,,,,,,
1058,remind,,,,,open,,,,,,,,,,,,,,,,,,,,,,,,,
1059,understand,,,,,star,,,,,,,,,,,,,,,,,,,,,,,,,
1060,gen,,,,,properly,,,,,,,,,,,,,,,,,,,,,,,,,
1061,resistant,,,,,sync,,,,,,,,,,,,,,,,,,,,,,,,,
1062,espa,,,,,new,,,,,,,,,,,,,,,,,,,,,,,,,
1063,stair,,,,,automatic,,,,,,,,,,,,,,,,,,,,,,,,,
1064,grab,,,,,obvious,,,,,,,,,,,,,,,,,,,,,,,,,
1065,etekcity,,,,,initial,,,,,,,,,,,,,,,,,,,,,,,,,
1066,screen,,,,,tinkering,,,,,,,,,,,,,,,,,,,,,,,,,
1067,girlfriend,,,,,friday,,,,,,,,,,,,,,,,,,,,,,,,,
1068,child,,,,,informaci,,,,,,,,,,,,,,,,,,,,,,,,,
1069,broke,,,,,loose,,,,,,,,,,,,,,,,,,,,,,,,,
1070,becausse,,,,,flash,,,,,,,,,,,,,,,,,,,,,,,,,
1071,cant,,,,,convinced,,,,,,,,,,,,,,,,,,,,,,,,,
1072,treadmill,,,,,alexi,,,,,,,,,,,,,,,,,,,,,,,,,
1073,singley,,,,,ish,,,,,,,,,,,,,,,,,,,,,,,,,
1074,u,,,,,speak,,,,,,,,,,,,,,,,,,,,,,,,,
1075,hook,,,,,call,,,,,,,,,,,,,,,,,,,,,,,,,
1076,today,,,,,get,,,,,,,,,,,,,,,,,,,,,,,,,
1077,sale,,,,,crazy,,,,,,,,,,,,,,,,,,,,,,,,,
1078,situation,,,,,needed,,,,,,,,,,,,,,,,,,,,,,,,,
1079,sonos,,,,,samsung,,,,,,,,,,,,,,,,,,,,,,,,,
1080,difficulty,,,,,returnef,,,,,,,,,,,,,,,,,,,,,,,,,
1081,logitech,,,,,mama,,,,,,,,,,,,,,,,,,,,,,,,,
1082,hey,,,,,brandnew,,,,,,,,,,,,,,,,,,,,,,,,,
1083,coordinator,,,,,define,,,,,,,,,,,,,,,,,,,,,,,,,
1084,material,,,,,soaking,,,,,,,,,,,,,,,,,,,,,,,,,
1085,resolution,,,,,great,,,,,,,,,,,,,,,,,,,,,,,,,
1086,spotify,,,,,easy,,,,,,,,,,,,,,,,,,,,,,,,,
1087,adult,,,,,responsiveness,,,,,,,,,,,,,,,,,,,,,,,,,
1088,skip,,,,,laptop,,,,,,,,,,,,,,,,,,,,,,,,,
1089,ssdi,,,,,outdoor,,,,,,,,,,,,,,,,,,,,,,,,,
1090,watching,,,,,grandchild,,,,,,,,,,,,,,,,,,,,,,,,,
1091,hear,,,,,yup,,,,,,,,,,,,,,,,,,,,,,,,,
1092,tubi,,,,,pandora,,,,,,,,,,,,,,,,,,,,,,,,,
1093,cambiar,,,,,north,,,,,,,,,,,,,,,,,,,,,,,,,
1094,chart,,,,,spec,,,,,,,,,,,,,,,,,,,,,,,,,
1095,opening,,,,,universal,,,,,,,,,,,,,,,,,,,,,,,,,
1096,fabric,,,,,try,,,,,,,,,,,,,,,,,,,,,,,,,
1097,whatsoever,,,,,mb,,,,,,,,,,,,,,,,,,,,,,,,,
1098,protocol,,,,,couch,,,,,,,,,,,,,,,,,,,,,,,,,
1099,cause,,,,,boyfriend,,,,,,,,,,,,,,,,,,,,,,,,,
1100,roku,,,,,window,,,,,,,,,,,,,,,,,,,,,,,,,
1101,listen,,,,,apparent,,,,,,,,,,,,,,,,,,,,,,,,,
1102,tweeter,,,,,drop,,,,,,,,,,,,,,,,,,,,,,,,,
1103,ease,,,,,spot,,,,,,,,,,,,,,,,,,,,,,,,,
1104,meant,,,,,error,,,,,,,,,,,,,,,,,,,,,,,,,
1105,smart,,,,,traditional,,,,,,,,,,,,,,,,,,,,,,,,,
1106,dot,,,,,lyric,,,,,,,,,,,,,,,,,,,,,,,,,
1107,stage,,,,,unnecessary,,,,,,,,,,,,,,,,,,,,,,,,,
1108,desk,,,,,alone,,,,,,,,,,,,,,,,,,,,,,,,,
1109,inactivity,,,,,tiny,,,,,,,,,,,,,,,,,,,,,,,,,
1110,add,,,,,le,,,,,,,,,,,,,,,,,,,,,,,,,
1111,sol,,,,,awsome,,,,,,,,,,,,,,,,,,,,,,,,,
1112,personality,,,,,interact,,,,,,,,,,,,,,,,,,,,,,,,,
1113,cart,,,,,much,,,,,,,,,,,,,,,,,,,,,,,,,
1114,thunderstorm,,,,,optical,,,,,,,,,,,,,,,,,,,,,,,,,
1115,qualty,,,,,miss,,,,,,,,,,,,,,,,,,,,,,,,,
1116,semi,,,,,swipe,,,,,,,,,,,,,,,,,,,,,,,,,
1117,super,,,,,happy,,,,,,,,,,,,,,,,,,,,,,,,,
1118,fun,,,,,step,,,,,,,,,,,,,,,,,,,,,,,,,
1119,script,,,,,return,,,,,,,,,,,,,,,,,,,,,,,,,
1120,vacation,,,,,fw,,,,,,,,,,,,,,,,,,,,,,,,,
1121,customization,,,,,engagement,,,,,,,,,,,,,,,,,,,,,,,,,
1122,iheartradio,,,,,siri,,,,,,,,,,,,,,,,,,,,,,,,,
1123,couple,,,,,creepy,,,,,,,,,,,,,,,,,,,,,,,,,
1124,start,,,,,outrageous,,,,,,,,,,,,,,,,,,,,,,,,,
1125,defence,,,,,unique,,,,,,,,,,,,,,,,,,,,,,,,,
1126,screenselect,,,,,excellent,,,,,,,,,,,,,,,,,,,,,,,,,
1127,personalization,,,,,hot,,,,,,,,,,,,,,,,,,,,,,,,,
1128,cutting,,,,,half,,,,,,,,,,,,,,,,,,,,,,,,,
1129,please,,,,,okay,,,,,,,,,,,,,,,,,,,,,,,,,
1130,ge,,,,,love,,,,,,,,,,,,,,,,,,,,,,,,,
1131,query,,,,,,,,,,,,,,,,,,,,,,,,,,,,,,
1132,gathering,,,,,,,,,,,,,,,,,,,,,,,,,,,,,,
1133,hair,,,,,,,,,,,,,,,,,,,,,,,,,,,,,,
1134,gap,,,,,,,,,,,,,,,,,,,,,,,,,,,,,,
1135,feel,,,,,,,,,,,,,,,,,,,,,,,,,,,,,,
1136,fault,,,,,,,,,,,,,,,,,,,,,,,,,,,,,,
1137,zzzzzzz,,,,,,,,,,,,,,,,,,,,,,,,,,,,,,
1138,longevity,,,,,,,,,,,,,,,,,,,,,,,,,,,,,,
1139,scent,,,,,,,,,,,,,,,,,,,,,,,,,,,,,,
1140,tinny,,,,,,,,,,,,,,,,,,,,,,,,,,,,,,
1141,exchange,,,,,,,,,,,,,,,,,,,,,,,,,,,,,,
1142,color,,,,,,,,,,,,,,,,,,,,,,,,,,,,,,
1143,item,,,,,,,,,,,,,,,,,,,,,,,,,,,,,,
1144,wealth,,,,,,,,,,,,,,,,,,,,,,,,,,,,,,
1145,integration,,,,,,,,,,,,,,,,,,,,,,,,,,,,,,
1146,analog,,,,,,,,,,,,,,,,,,,,,,,,,,,,,,
1147,area,,,,,,,,,,,,,,,,,,,,,,,,,,,,,,
1148,backyard,,,,,,,,,,,,,,,,,,,,,,,,,,,,,,
1149,serius,,,,,,,,,,,,,,,,,,,,,,,,,,,,,,
1150,selling,,,,,,,,,,,,,,,,,,,,,,,,,,,,,,
1151,glad,,,,,,,,,,,,,,,,,,,,,,,,,,,,,,
1152,spending,,,,,,,,,,,,,,,,,,,,,,,,,,,,,,
1153,ghost,,,,,,,,,,,,,,,,,,,,,,,,,,,,,,
1154,sorry,,,,,,,,,,,,,,,,,,,,,,,,,,,,,,
1155,question,,,,,,,,,,,,,,,,,,,,,,,,,,,,,,
1156,inside,,,,,,,,,,,,,,,,,,,,,,,,,,,,,,
1157,wireless,,,,,,,,,,,,,,,,,,,,,,,,,,,,,,
1158,exho,,,,,,,,,,,,,,,,,,,,,,,,,,,,,,
1159,bother,,,,,,,,,,,,,,,,,,,,,,,,,,,,,,
1160,clock,,,,,,,,,,,,,,,,,,,,,,,,,,,,,,
1161,consider,,,,,,,,,,,,,,,,,,,,,,,,,,,,,,
1162,wifi,,,,,,,,,,,,,,,,,,,,,,,,,,,,,,
1163,multi,,,,,,,,,,,,,,,,,,,,,,,,,,,,,,
1164,harvard,,,,,,,,,,,,,,,,,,,,,,,,,,,,,,
1165,idea,,,,,,,,,,,,,,,,,,,,,,,,,,,,,,
1166,useless,,,,,,,,,,,,,,,,,,,,,,,,,,,,,,
1167,learning,,,,,,,,,,,,,,,,,,,,,,,,,,,,,,
1168,grandson,,,,,,,,,,,,,,,,,,,,,,,,,,,,,,
1169,par,,,,,,,,,,,,,,,,,,,,,,,,,,,,,,
1170,boat,,,,,,,,,,,,,,,,,,,,,,,,,,,,,,
1171,phrase,,,,,,,,,,,,,,,,,,,,,,,,,,,,,,
1172,phase,,,,,,,,,,,,,,,,,,,,,,,,,,,,,,
1173,click,,,,,,,,,,,,,,,,,,,,,,,,,,,,,,
1174,player,,,,,,,,,,,,,,,,,,,,,,,,,,,,,,
1175,technology,,,,,,,,,,,,,,,,,,,,,,,,,,,,,,
1176,explanation,,,,,,,,,,,,,,,,,,,,,,,,,,,,,,
1177,gotten,,,,,,,,,,,,,,,,,,,,,,,,,,,,,,
1178,press,,,,,,,,,,,,,,,,,,,,,,,,,,,,,,
1179,sent,,,,,,,,,,,,,,,,,,,,,,,,,,,,,,
1180,yell,,,,,,,,,,,,,,,,,,,,,,,,,,,,,,
1181,thing,,,,,,,,,,,,,,,,,,,,,,,,,,,,,,
1182,visit,,,,,,,,,,,,,,,,,,,,,,,,,,,,,,
1183,forecast,,,,,,,,,,,,,,,,,,,,,,,,,,,,,,
1184,concise,,,,,,,,,,,,,,,,,,,,,,,,,,,,,,
1185,iot,,,,,,,,,,,,,,,,,,,,,,,,,,,,,,
1186,level,,,,,,,,,,,,,,,,,,,,,,,,,,,,,,
1187,football,,,,,,,,,,,,,,,,,,,,,,,,,,,,,,
1188,hut,,,,,,,,,,,,,,,,,,,,,,,,,,,,,,
1189,match,,,,,,,,,,,,,,,,,,,,,,,,,,,,,,
1190,ty,,,,,,,,,,,,,,,,,,,,,,,,,,,,,,
1191,playing,,,,,,,,,,,,,,,,,,,,,,,,,,,,,,
1192,feeling,,,,,,,,,,,,,,,,,,,,,,,,,,,,,,
1193,puny,,,,,,,,,,,,,,,,,,,,,,,,,,,,,,
1194,strip,,,,,,,,,,,,,,,,,,,,,,,,,,,,,,
1195,bose,,,,,,,,,,,,,,,,,,,,,,,,,,,,,,
1196,fee,,,,,,,,,,,,,,,,,,,,,,,,,,,,,,
1197,flawless,,,,,,,,,,,,,,,,,,,,,,,,,,,,,,
1198,self,,,,,,,,,,,,,,,,,,,,,,,,,,,,,,
1199,activation,,,,,,,,,,,,,,,,,,,,,,,,,,,,,,
1200,curve,,,,,,,,,,,,,,,,,,,,,,,,,,,,,,
1201,promp,,,,,,,,,,,,,,,,,,,,,,,,,,,,,,
1202,history,,,,,,,,,,,,,,,,,,,,,,,,,,,,,,
1203,blasting,,,,,,,,,,,,,,,,,,,,,,,,,,,,,,
1204,echo,,,,,,,,,,,,,,,,,,,,,,,,,,,,,,
1205,changer,,,,,,,,,,,,,,,,,,,,,,,,,,,,,,
1206,bulky,,,,,,,,,,,,,,,,,,,,,,,,,,,,,,
1207,knob,,,,,,,,,,,,,,,,,,,,,,,,,,,,,,
1208,miami,,,,,,,,,,,,,,,,,,,,,,,,,,,,,,
1209,decision,,,,,,,,,,,,,,,,,,,,,,,,,,,,,,
1210,asap,,,,,,,,,,,,,,,,,,,,,,,,,,,,,,
1211,consumer,,,,,,,,,,,,,,,,,,,,,,,,,,,,,,
1212,bare,,,,,,,,,,,,,,,,,,,,,,,,,,,,,,
1213,pure,,,,,,,,,,,,,,,,,,,,,,,,,,,,,,
1214,brainer,,,,,,,,,,,,,,,,,,,,,,,,,,,,,,
1215,buck,,,,,,,,,,,,,,,,,,,,,,,,,,,,,,
1216,movie,,,,,,,,,,,,,,,,,,,,,,,,,,,,,,
1217,gift,,,,,,,,,,,,,,,,,,,,,,,,,,,,,,
1218,lady,,,,,,,,,,,,,,,,,,,,,,,,,,,,,,
1219,advise,,,,,,,,,,,,,,,,,,,,,,,,,,,,,,
1220,conectado,,,,,,,,,,,,,,,,,,,,,,,,,,,,,,
1221,plan,,,,,,,,,,,,,,,,,,,,,,,,,,,,,,
1222,post,,,,,,,,,,,,,,,,,,,,,,,,,,,,,,
1223,drawback,,,,,,,,,,,,,,,,,,,,,,,,,,,,,,
1224,lot,,,,,,,,,,,,,,,,,,,,,,,,,,,,,,
1225,effortless,,,,,,,,,,,,,,,,,,,,,,,,,,,,,,
1226,penny,,,,,,,,,,,,,,,,,,,,,,,,,,,,,,
1227,compound,,,,,,,,,,,,,,,,,,,,,,,,,,,,,,
1228,pur,,,,,,,,,,,,,,,,,,,,,,,,,,,,,,
1229,learn,,,,,,,,,,,,,,,,,,,,,,,,,,,,,,
1230,pia,,,,,,,,,,,,,,,,,,,,,,,,,,,,,,
1231,clapper,,,,,,,,,,,,,,,,,,,,,,,,,,,,,,
1232,happen,,,,,,,,,,,,,,,,,,,,,,,,,,,,,,
1233,morning,,,,,,,,,,,,,,,,,,,,,,,,,,,,,,
1234,know,,,,,,,,,,,,,,,,,,,,,,,,,,,,,,
1235,advertise,,,,,,,,,,,,,,,,,,,,,,,,,,,,,,
1236,limitation,,,,,,,,,,,,,,,,,,,,,,,,,,,,,,
1237,shopping,,,,,,,,,,,,,,,,,,,,,,,,,,,,,,
1238,blind,,,,,,,,,,,,,,,,,,,,,,,,,,,,,,
1239,funcionamiento,,,,,,,,,,,,,,,,,,,,,,,,,,,,,,
1240,text,,,,,,,,,,,,,,,,,,,,,,,,,,,,,,
1241,nobody,,,,,,,,,,,,,,,,,,,,,,,,,,,,,,
1242,addict,,,,,,,,,,,,,,,,,,,,,,,,,,,,,,
1243,care,,,,,,,,,,,,,,,,,,,,,,,,,,,,,,
1244,task,,,,,,,,,,,,,,,,,,,,,,,,,,,,,,
1245,ceiling,,,,,,,,,,,,,,,,,,,,,,,,,,,,,,
1246,cartoon,,,,,,,,,,,,,,,,,,,,,,,,,,,,,,
1247,ai,,,,,,,,,,,,,,,,,,,,,,,,,,,,,,
1248,este,,,,,,,,,,,,,,,,,,,,,,,,,,,,,,
1249,killer,,,,,,,,,,,,,,,,,,,,,,,,,,,,,,
1250,wont,,,,,,,,,,,,,,,,,,,,,,,,,,,,,,
1251,example,,,,,,,,,,,,,,,,,,,,,,,,,,,,,,
1252,dining,,,,,,,,,,,,,,,,,,,,,,,,,,,,,,
1253,como,,,,,,,,,,,,,,,,,,,,,,,,,,,,,,
1254,cord,,,,,,,,,,,,,,,,,,,,,,,,,,,,,,
1255,memory,,,,,,,,,,,,,,,,,,,,,,,,,,,,,,
1256,deviceoverall,,,,,,,,,,,,,,,,,,,,,,,,,,,,,,
1257,setting,,,,,,,,,,,,,,,,,,,,,,,,,,,,,,
1258,concept,,,,,,,,,,,,,,,,,,,,,,,,,,,,,,
1259,buyer,,,,,,,,,,,,,,,,,,,,,,,,,,,,,,
1260,expecting,,,,,,,,,,,,,,,,,,,,,,,,,,,,,,
1261,paroduct,,,,,,,,,,,,,,,,,,,,,,,,,,,,,,
1262,iheart,,,,,,,,,,,,,,,,,,,,,,,,,,,,,,
1263,cable,,,,,,,,,,,,,,,,,,,,,,,,,,,,,,
1264,lesson,,,,,,,,,,,,,,,,,,,,,,,,,,,,,,
1265,pas,,,,,,,,,,,,,,,,,,,,,,,,,,,,,,
1266,computer,,,,,,,,,,,,,,,,,,,,,,,,,,,,,,
1267,goodness,,,,,,,,,,,,,,,,,,,,,,,,,,,,,,
1268,excuse,,,,,,,,,,,,,,,,,,,,,,,,,,,,,,
1269,helpful,,,,,,,,,,,,,,,,,,,,,,,,,,,,,,
1270,vision,,,,,,,,,,,,,,,,,,,,,,,,,,,,,,
1271,argue,,,,,,,,,,,,,,,,,,,,,,,,,,,,,,
1272,lag,,,,,,,,,,,,,,,,,,,,,,,,,,,,,,
1273,custom,,,,,,,,,,,,,,,,,,,,,,,,,,,,,,
1274,portability,,,,,,,,,,,,,,,,,,,,,,,,,,,,,,
1275,ol,,,,,,,,,,,,,,,,,,,,,,,,,,,,,,
1276,controller,,,,,,,,,,,,,,,,,,,,,,,,,,,,,,
1277,rainbow,,,,,,,,,,,,,,,,,,,,,,,,,,,,,,
1278,disappointment,,,,,,,,,,,,,,,,,,,,,,,,,,,,,,
1279,disconcerting,,,,,,,,,,,,,,,,,,,,,,,,,,,,,,
1280,weight,,,,,,,,,,,,,,,,,,,,,,,,,,,,,,
1281,o,,,,,,,,,,,,,,,,,,,,,,,,,,,,,,
1282,bloomberg,,,,,,,,,,,,,,,,,,,,,,,,,,,,,,
1283,year,,,,,,,,,,,,,,,,,,,,,,,,,,,,,,
1284,medication,,,,,,,,,,,,,,,,,,,,,,,,,,,,,,
1285,apartment,,,,,,,,,,,,,,,,,,,,,,,,,,,,,,
1286,traffic,,,,,,,,,,,,,,,,,,,,,,,,,,,,,,
1287,mood,,,,,,,,,,,,,,,,,,,,,,,,,,,,,,
1288,hdmi,,,,,,,,,,,,,,,,,,,,,,,,,,,,,,
1289,complain,,,,,,,,,,,,,,,,,,,,,,,,,,,,,,
1290,channel,,,,,,,,,,,,,,,,,,,,,,,,,,,,,,
1291,activate,,,,,,,,,,,,,,,,,,,,,,,,,,,,,,
1292,layer,,,,,,,,,,,,,,,,,,,,,,,,,,,,,,
1293,device,,,,,,,,,,,,,,,,,,,,,,,,,,,,,,
1294,productsand,,,,,,,,,,,,,,,,,,,,,,,,,,,,,,
1295,flexibility,,,,,,,,,,,,,,,,,,,,,,,,,,,,,,
1296,platform,,,,,,,,,,,,,,,,,,,,,,,,,,,,,,
1297,vlan,,,,,,,,,,,,,,,,,,,,,,,,,,,,,,
1298,sing,,,,,,,,,,,,,,,,,,,,,,,,,,,,,,
1299,talk,,,,,,,,,,,,,,,,,,,,,,,,,,,,,,
1300,rent,,,,,,,,,,,,,,,,,,,,,,,,,,,,,,
1301,procedure,,,,,,,,,,,,,,,,,,,,,,,,,,,,,,
1302,machine,,,,,,,,,,,,,,,,,,,,,,,,,,,,,,
1303,pizza,,,,,,,,,,,,,,,,,,,,,,,,,,,,,,
1304,god,,,,,,,,,,,,,,,,,,,,,,,,,,,,,,
1305,smartphone,,,,,,,,,,,,,,,,,,,,,,,,,,,,,,
1306,sure,,,,,,,,,,,,,,,,,,,,,,,,,,,,,,
1307,system,,,,,,,,,,,,,,,,,,,,,,,,,,,,,,
1308,anybody,,,,,,,,,,,,,,,,,,,,,,,,,,,,,,
1309,engine,,,,,,,,,,,,,,,,,,,,,,,,,,,,,,
1310,business,,,,,,,,,,,,,,,,,,,,,,,,,,,,,,
1311,mindset,,,,,,,,,,,,,,,,,,,,,,,,,,,,,,
1312,ll,,,,,,,,,,,,,,,,,,,,,,,,,,,,,,
1313,breeze,,,,,,,,,,,,,,,,,,,,,,,,,,,,,,
1314,network,,,,,,,,,,,,,,,,,,,,,,,,,,,,,,
1315,length,,,,,,,,,,,,,,,,,,,,,,,,,,,,,,
1316,bread,,,,,,,,,,,,,,,,,,,,,,,,,,,,,,
1317,lightning,,,,,,,,,,,,,,,,,,,,,,,,,,,,,,
1318,remember,,,,,,,,,,,,,,,,,,,,,,,,,,,,,,
1319,stay,,,,,,,,,,,,,,,,,,,,,,,,,,,,,,
1320,crisp,,,,,,,,,,,,,,,,,,,,,,,,,,,,,,
1321,shell,,,,,,,,,,,,,,,,,,,,,,,,,,,,,,
1322,patience,,,,,,,,,,,,,,,,,,,,,,,,,,,,,,
1323,foot,,,,,,,,,,,,,,,,,,,,,,,,,,,,,,
1324,program,,,,,,,,,,,,,,,,,,,,,,,,,,,,,,
1325,weekday,,,,,,,,,,,,,,,,,,,,,,,,,,,,,,
1326,night,,,,,,,,,,,,,,,,,,,,,,,,,,,,,,
1327,redundant,,,,,,,,,,,,,,,,,,,,,,,,,,,,,,
1328,rotation,,,,,,,,,,,,,,,,,,,,,,,,,,,,,,
1329,menu,,,,,,,,,,,,,,,,,,,,,,,,,,,,,,
1330,equipo,,,,,,,,,,,,,,,,,,,,,,,,,,,,,,
1331,portion,,,,,,,,,,,,,,,,,,,,,,,,,,,,,,
1332,excitement,,,,,,,,,,,,,,,,,,,,,,,,,,,,,,
1333,anything,,,,,,,,,,,,,,,,,,,,,,,,,,,,,,
1334,loss,,,,,,,,,,,,,,,,,,,,,,,,,,,,,,
1335,advance,,,,,,,,,,,,,,,,,,,,,,,,,,,,,,
1336,lyric,,,,,,,,,,,,,,,,,,,,,,,,,,,,,,
1337,stimulus,,,,,,,,,,,,,,,,,,,,,,,,,,,,,,
1338,continue,,,,,,,,,,,,,,,,,,,,,,,,,,,,,,
1339,le,,,,,,,,,,,,,,,,,,,,,,,,,,,,,,
1340,swipe,,,,,,,,,,,,,,,,,,,,,,,,,,,,,,
1341,return,,,,,,,,,,,,,,,,,,,,,,,,,,,,,,
1342,somebody,,,,,,,,,,,,,,,,,,,,,,,,,,,,,,
1343,sort,,,,,,,,,,,,,,,,,,,,,,,,,,,,,,
1344,gripe,,,,,,,,,,,,,,,,,,,,,,,,,,,,,,
1345,cent,,,,,,,,,,,,,,,,,,,,,,,,,,,,,,
1346,re,,,,,,,,,,,,,,,,,,,,,,,,,,,,,,
1347,move,,,,,,,,,,,,,,,,,,,,,,,,,,,,,,
1348,viola,,,,,,,,,,,,,,,,,,,,,,,,,,,,,,
1349,nana,,,,,,,,,,,,,,,,,,,,,,,,,,,,,,
1350,cease,,,,,,,,,,,,,,,,,,,,,,,,,,,,,,
1351,fixture,,,,,,,,,,,,,,,,,,,,,,,,,,,,,,
1352,granddaughter,,,,,,,,,,,,,,,,,,,,,,,,,,,,,,
1353,helper,,,,,,,,,,,,,,,,,,,,,,,,,,,,,,
1354,downfall,,,,,,,,,,,,,,,,,,,,,,,,,,,,,,
1355,sirius,,,,,,,,,,,,,,,,,,,,,,,,,,,,,,
1356,crib,,,,,,,,,,,,,,,,,,,,,,,,,,,,,,
1357,force,,,,,,,,,,,,,,,,,,,,,,,,,,,,,,
1358,smarthome,,,,,,,,,,,,,,,,,,,,,,,,,,,,,,
1359,interaction,,,,,,,,,,,,,,,,,,,,,,,,,,,,,,
1360,beauty,,,,,,,,,,,,,,,,,,,,,,,,,,,,,,
1361,accent,,,,,,,,,,,,,,,,,,,,,,,,,,,,,,
1362,esta,,,,,,,,,,,,,,,,,,,,,,,,,,,,,,
1363,type,,,,,,,,,,,,,,,,,,,,,,,,,,,,,,
1364,crackling,,,,,,,,,,,,,,,,,,,,,,,,,,,,,,
1365,matter,,,,,,,,,,,,,,,,,,,,,,,,,,,,,,
1366,discovery,,,,,,,,,,,,,,,,,,,,,,,,,,,,,,
1367,download,,,,,,,,,,,,,,,,,,,,,,,,,,,,,,
1368,product,,,,,,,,,,,,,,,,,,,,,,,,,,,,,,
1369,lo,,,,,,,,,,,,,,,,,,,,,,,,,,,,,,
1370,routine,,,,,,,,,,,,,,,,,,,,,,,,,,,,,,
1371,everybody,,,,,,,,,,,,,,,,,,,,,,,,,,,,,,
1372,calendar,,,,,,,,,,,,,,,,,,,,,,,,,,,,,,
1373,awhile,,,,,,,,,,,,,,,,,,,,,,,,,,,,,,
1374,nd,,,,,,,,,,,,,,,,,,,,,,,,,,,,,,
1375,worthless,,,,,,,,,,,,,,,,,,,,,,,,,,,,,,
1376,weekend,,,,,,,,,,,,,,,,,,,,,,,,,,,,,,
1377,family,,,,,,,,,,,,,,,,,,,,,,,,,,,,,,
1378,trainee,,,,,,,,,,,,,,,,,,,,,,,,,,,,,,
1379,pc,,,,,,,,,,,,,,,,,,,,,,,,,,,,,,
1380,advice,,,,,,,,,,,,,,,,,,,,,,,,,,,,,,
1381,glass,,,,,,,,,,,,,,,,,,,,,,,,,,,,,,
1382,eeaanh,,,,,,,,,,,,,,,,,,,,,,,,,,,,,,
1383,louder,,,,,,,,,,,,,,,,,,,,,,,,,,,,,,
1384,theory,,,,,,,,,,,,,,,,,,,,,,,,,,,,,,
1385,ok,,,,,,,,,,,,,,,,,,,,,,,,,,,,,,
1386,garbage,,,,,,,,,,,,,,,,,,,,,,,,,,,,,,
1387,day,,,,,,,,,,,,,,,,,,,,,,,,,,,,,,
1388,vehicle,,,,,,,,,,,,,,,,,,,,,,,,,,,,,,
1389,paper,,,,,,,,,,,,,,,,,,,,,,,,,,,,,,
1390,hole,,,,,,,,,,,,,,,,,,,,,,,,,,,,,,
1391,nut,,,,,,,,,,,,,,,,,,,,,,,,,,,,,,
1392,realizando,,,,,,,,,,,,,,,,,,,,,,,,,,,,,,
1393,hate,,,,,,,,,,,,,,,,,,,,,,,,,,,,,,
1394,simplicity,,,,,,,,,,,,,,,,,,,,,,,,,,,,,,
1395,mount,,,,,,,,,,,,,,,,,,,,,,,,,,,,,,
1396,installation,,,,,,,,,,,,,,,,,,,,,,,,,,,,,,
1397,suggestion,,,,,,,,,,,,,,,,,,,,,,,,,,,,,,
1398,security,,,,,,,,,,,,,,,,,,,,,,,,,,,,,,
1399,hell,,,,,,,,,,,,,,,,,,,,,,,,,,,,,,
1400,park,,,,,,,,,,,,,,,,,,,,,,,,,,,,,,
1401,well,,,,,,,,,,,,,,,,,,,,,,,,,,,,,,
1402,logo,,,,,,,,,,,,,,,,,,,,,,,,,,,,,,
1403,dance,,,,,,,,,,,,,,,,,,,,,,,,,,,,,,
1404,season,,,,,,,,,,,,,,,,,,,,,,,,,,,,,,
1405,mother,,,,,,,,,,,,,,,,,,,,,,,,,,,,,,
1406,cardsrotate,,,,,,,,,,,,,,,,,,,,,,,,,,,,,,
1407,facebook,,,,,,,,,,,,,,,,,,,,,,,,,,,,,,
1408,aint,,,,,,,,,,,,,,,,,,,,,,,,,,,,,,
1409,form,,,,,,,,,,,,,,,,,,,,,,,,,,,,,,
1410,story,,,,,,,,,,,,,,,,,,,,,,,,,,,,,,
1411,noise,,,,,,,,,,,,,,,,,,,,,,,,,,,,,,
1412,scratch,,,,,,,,,,,,,,,,,,,,,,,,,,,,,,
1413,nice,,,,,,,,,,,,,,,,,,,,,,,,,,,,,,
1414,expectation,,,,,,,,,,,,,,,,,,,,,,,,,,,,,,
1415,resist,,,,,,,,,,,,,,,,,,,,,,,,,,,,,,
1416,till,,,,,,,,,,,,,,,,,,,,,,,,,,,,,,
1417,audio,,,,,,,,,,,,,,,,,,,,,,,,,,,,,,
1418,ship,,,,,,,,,,,,,,,,,,,,,,,,,,,,,,
1419,mind,,,,,,,,,,,,,,,,,,,,,,,,,,,,,,
1420,insanity,,,,,,,,,,,,,,,,,,,,,,,,,,,,,,
1421,tulos,,,,,,,,,,,,,,,,,,,,,,,,,,,,,,
1422,planning,,,,,,,,,,,,,,,,,,,,,,,,,,,,,,
1423,adapter,,,,,,,,,,,,,,,,,,,,,,,,,,,,,,
1424,snap,,,,,,,,,,,,,,,,,,,,,,,,,,,,,,
1425,afternoon,,,,,,,,,,,,,,,,,,,,,,,,,,,,,,
1426,become,,,,,,,,,,,,,,,,,,,,,,,,,,,,,,
1427,sight,,,,,,,,,,,,,,,,,,,,,,,,,,,,,,
1428,imhave,,,,,,,,,,,,,,,,,,,,,,,,,,,,,,
1429,ex,,,,,,,,,,,,,,,,,,,,,,,,,,,,,,
1430,facetime,,,,,,,,,,,,,,,,,,,,,,,,,,,,,,
1431,deaf,,,,,,,,,,,,,,,,,,,,,,,,,,,,,,
1432,el,,,,,,,,,,,,,,,,,,,,,,,,,,,,,,
1433,user,,,,,,,,,,,,,,,,,,,,,,,,,,,,,,
1434,hbo,,,,,,,,,,,,,,,,,,,,,,,,,,,,,,
1435,accident,,,,,,,,,,,,,,,,,,,,,,,,,,,,,,
1436,buy,,,,,,,,,,,,,,,,,,,,,,,,,,,,,,
1437,middle,,,,,,,,,,,,,,,,,,,,,,,,,,,,,,
1438,blessing,,,,,,,,,,,,,,,,,,,,,,,,,,,,,,
1439,generation,,,,,,,,,,,,,,,,,,,,,,,,,,,,,,
1440,gadget,,,,,,,,,,,,,,,,,,,,,,,,,,,,,,
1441,training,,,,,,,,,,,,,,,,,,,,,,,,,,,,,,
1442,chat,,,,,,,,,,,,,,,,,,,,,,,,,,,,,,
1443,eye,,,,,,,,,,,,,,,,,,,,,,,,,,,,,,
1444,feed,,,,,,,,,,,,,,,,,,,,,,,,,,,,,,
1445,heard,,,,,,,,,,,,,,,,,,,,,,,,,,,,,,
1446,repair,,,,,,,,,,,,,,,,,,,,,,,,,,,,,,
1447,accuracy,,,,,,,,,,,,,,,,,,,,,,,,,,,,,,
1448,journey,,,,,,,,,,,,,,,,,,,,,,,,,,,,,,
1449,enter,,,,,,,,,,,,,,,,,,,,,,,,,,,,,,
1450,diversity,,,,,,,,,,,,,,,,,,,,,,,,,,,,,,
1451,bass,,,,,,,,,,,,,,,,,,,,,,,,,,,,,,
1452,toda,,,,,,,,,,,,,,,,,,,,,,,,,,,,,,
1453,recipe,,,,,,,,,,,,,,,,,,,,,,,,,,,,,,
1454,tivo,,,,,,,,,,,,,,,,,,,,,,,,,,,,,,
1455,choose,,,,,,,,,,,,,,,,,,,,,,,,,,,,,,
1456,sleeping,,,,,,,,,,,,,,,,,,,,,,,,,,,,,,
1457,sleep,,,,,,,,,,,,,,,,,,,,,,,,,,,,,,
1458,dismiss,,,,,,,,,,,,,,,,,,,,,,,,,,,,,,
1459,prevent,,,,,,,,,,,,,,,,,,,,,,,,,,,,,,
1460,cue,,,,,,,,,,,,,,,,,,,,,,,,,,,,,,
1461,decent,,,,,,,,,,,,,,,,,,,,,,,,,,,,,,
1462,trouble,,,,,,,,,,,,,,,,,,,,,,,,,,,,,,
1463,wonderful,,,,,,,,,,,,,,,,,,,,,,,,,,,,,,
1464,whatever,,,,,,,,,,,,,,,,,,,,,,,,,,,,,,
1465,esp,,,,,,,,,,,,,,,,,,,,,,,,,,,,,,
1466,sink,,,,,,,,,,,,,,,,,,,,,,,,,,,,,,
1467,trek,,,,,,,,,,,,,,,,,,,,,,,,,,,,,,
1468,hal,,,,,,,,,,,,,,,,,,,,,,,,,,,,,,
1469,home,,,,,,,,,,,,,,,,,,,,,,,,,,,,,,
1470,briefing,,,,,,,,,,,,,,,,,,,,,,,,,,,,,,
1471,wait,,,,,,,,,,,,,,,,,,,,,,,,,,,,,,
1472,span,,,,,,,,,,,,,,,,,,,,,,,,,,,,,,
1473,fi,,,,,,,,,,,,,,,,,,,,,,,,,,,,,,
1474,cloud,,,,,,,,,,,,,,,,,,,,,,,,,,,,,,
1475,wake,,,,,,,,,,,,,,,,,,,,,,,,,,,,,,
1476,hour,,,,,,,,,,,,,,,,,,,,,,,,,,,,,,
1477,substitute,,,,,,,,,,,,,,,,,,,,,,,,,,,,,,
1478,pay,,,,,,,,,,,,,,,,,,,,,,,,,,,,,,
1479,key,,,,,,,,,,,,,,,,,,,,,,,,,,,,,,
1480,sleeper,,,,,,,,,,,,,,,,,,,,,,,,,,,,,,
1481,deal,,,,,,,,,,,,,,,,,,,,,,,,,,,,,,
1482,reorder,,,,,,,,,,,,,,,,,,,,,,,,,,,,,,
1483,artist,,,,,,,,,,,,,,,,,,,,,,,,,,,,,,
1484,increase,,,,,,,,,,,,,,,,,,,,,,,,,,,,,,
1485,chocolate,,,,,,,,,,,,,,,,,,,,,,,,,,,,,,
1486,end,,,,,,,,,,,,,,,,,,,,,,,,,,,,,,
1487,reception,,,,,,,,,,,,,,,,,,,,,,,,,,,,,,
1488,drive,,,,,,,,,,,,,,,,,,,,,,,,,,,,,,
1489,fact,,,,,,,,,,,,,,,,,,,,,,,,,,,,,,
1490,compliment,,,,,,,,,,,,,,,,,,,,,,,,,,,,,,
1491,tell,,,,,,,,,,,,,,,,,,,,,,,,,,,,,,
1492,variety,,,,,,,,,,,,,,,,,,,,,,,,,,,,,,
1493,help,,,,,,,,,,,,,,,,,,,,,,,,,,,,,,
1494,background,,,,,,,,,,,,,,,,,,,,,,,,,,,,,,
1495,boost,,,,,,,,,,,,,,,,,,,,,,,,,,,,,,
1496,perk,,,,,,,,,,,,,,,,,,,,,,,,,,,,,,
1497,direction,,,,,,,,,,,,,,,,,,,,,,,,,,,,,,
1498,aka,,,,,,,,,,,,,,,,,,,,,,,,,,,,,,
1499,cancel,,,,,,,,,,,,,,,,,,,,,,,,,,,,,,
1500,activity,,,,,,,,,,,,,,,,,,,,,,,,,,,,,,
1501,techno,,,,,,,,,,,,,,,,,,,,,,,,,,,,,,
1502,sooner,,,,,,,,,,,,,,,,,,,,,,,,,,,,,,
1503,checking,,,,,,,,,,,,,,,,,,,,,,,,,,,,,,
1504,upload,,,,,,,,,,,,,,,,,,,,,,,,,,,,,,
1505,language,,,,,,,,,,,,,,,,,,,,,,,,,,,,,,
1506,community,,,,,,,,,,,,,,,,,,,,,,,,,,,,,,
1507,hvac,,,,,,,,,,,,,,,,,,,,,,,,,,,,,,
1508,apps,,,,,,,,,,,,,,,,,,,,,,,,,,,,,,
1509,rd,,,,,,,,,,,,,,,,,,,,,,,,,,,,,,
1510,refurb,,,,,,,,,,,,,,,,,,,,,,,,,,,,,,
1511,protection,,,,,,,,,,,,,,,,,,,,,,,,,,,,,,
1512,phone,,,,,,,,,,,,,,,,,,,,,,,,,,,,,,
1513,ight,,,,,,,,,,,,,,,,,,,,,,,,,,,,,,
1514,amount,,,,,,,,,,,,,,,,,,,,,,,,,,,,,,
1515,walk,,,,,,,,,,,,,,,,,,,,,,,,,,,,,,
1516,wi,,,,,,,,,,,,,,,,,,,,,,,,,,,,,,
1517,chance,,,,,,,,,,,,,,,,,,,,,,,,,,,,,,
1518,row,,,,,,,,,,,,,,,,,,,,,,,,,,,,,,
1519,ad,,,,,,,,,,,,,,,,,,,,,,,,,,,,,,
1520,genre,,,,,,,,,,,,,,,,,,,,,,,,,,,,,,
1521,frustrating,,,,,,,,,,,,,,,,,,,,,,,,,,,,,,
1522,living,,,,,,,,,,,,,,,,,,,,,,,,,,,,,,
1523,argument,,,,,,,,,,,,,,,,,,,,,,,,,,,,,,
1524,af,,,,,,,,,,,,,,,,,,,,,,,,,,,,,,
1525,capacity,,,,,,,,,,,,,,,,,,,,,,,,,,,,,,
1526,atr,,,,,,,,,,,,,,,,,,,,,,,,,,,,,,
1527,estar,,,,,,,,,,,,,,,,,,,,,,,,,,,,,,
1528,household,,,,,,,,,,,,,,,,,,,,,,,,,,,,,,
1529,reward,,,,,,,,,,,,,,,,,,,,,,,,,,,,,,
1530,job,,,,,,,,,,,,,,,,,,,,,,,,,,,,,,
1531,turning,,,,,,,,,,,,,,,,,,,,,,,,,,,,,,
1532,cylinder,,,,,,,,,,,,,,,,,,,,,,,,,,,,,,
1533,patient,,,,,,,,,,,,,,,,,,,,,,,,,,,,,,
1534,metro,,,,,,,,,,,,,,,,,,,,,,,,,,,,,,
1535,better,,,,,,,,,,,,,,,,,,,,,,,,,,,,,,
1536,default,,,,,,,,,,,,,,,,,,,,,,,,,,,,,,
1537,audible,,,,,,,,,,,,,,,,,,,,,,,,,,,,,,
1538,occasion,,,,,,,,,,,,,,,,,,,,,,,,,,,,,,
1539,grandfather,,,,,,,,,,,,,,,,,,,,,,,,,,,,,,
1540,sanity,,,,,,,,,,,,,,,,,,,,,,,,,,,,,,
1541,forum,,,,,,,,,,,,,,,,,,,,,,,,,,,,,,
1542,site,,,,,,,,,,,,,,,,,,,,,,,,,,,,,,
1543,push,,,,,,,,,,,,,,,,,,,,,,,,,,,,,,
1544,request,,,,,,,,,,,,,,,,,,,,,,,,,,,,,,
1545,york,,,,,,,,,,,,,,,,,,,,,,,,,,,,,,
1546,voltson,,,,,,,,,,,,,,,,,,,,,,,,,,,,,,
1547,refund,,,,,,,,,,,,,,,,,,,,,,,,,,,,,,
1548,dinner,,,,,,,,,,,,,,,,,,,,,,,,,,,,,,
1549,grownup,,,,,,,,,,,,,,,,,,,,,,,,,,,,,,
1550,pool,,,,,,,,,,,,,,,,,,,,,,,,,,,,,,
1551,firmware,,,,,,,,,,,,,,,,,,,,,,,,,,,,,,
1552,collector,,,,,,,,,,,,,,,,,,,,,,,,,,,,,,
1553,sunroom,,,,,,,,,,,,,,,,,,,,,,,,,,,,,,
1554,volume,,,,,,,,,,,,,,,,,,,,,,,,,,,,,,
1555,profile,,,,,,,,,,,,,,,,,,,,,,,,,,,,,,
1556,dimmer,,,,,,,,,,,,,,,,,,,,,,,,,,,,,,
1557,factory,,,,,,,,,,,,,,,,,,,,,,,,,,,,,,
1558,benefit,,,,,,,,,,,,,,,,,,,,,,,,,,,,,,
1559,horse,,,,,,,,,,,,,,,,,,,,,,,,,,,,,,
1560,defective,,,,,,,,,,,,,,,,,,,,,,,,,,,,,,
1561,remorse,,,,,,,,,,,,,,,,,,,,,,,,,,,,,,
1562,lleg,,,,,,,,,,,,,,,,,,,,,,,,,,,,,,
1563,assist,,,,,,,,,,,,,,,,,,,,,,,,,,,,,,
1564,style,,,,,,,,,,,,,,,,,,,,,,,,,,,,,,
1565,spell,,,,,,,,,,,,,,,,,,,,,,,,,,,,,,
1566,ii,,,,,,,,,,,,,,,,,,,,,,,,,,,,,,
1567,ownership,,,,,,,,,,,,,,,,,,,,,,,,,,,,,,
1568,automation,,,,,,,,,,,,,,,,,,,,,,,,,,,,,,
1569,soccer,,,,,,,,,,,,,,,,,,,,,,,,,,,,,,
1570,voice,,,,,,,,,,,,,,,,,,,,,,,,,,,,,,
1571,improving,,,,,,,,,,,,,,,,,,,,,,,,,,,,,,
1572,aux,,,,,,,,,,,,,,,,,,,,,,,,,,,,,,
1573,android,,,,,,,,,,,,,,,,,,,,,,,,,,,,,,
1574,ride,,,,,,,,,,,,,,,,,,,,,,,,,,,,,,
1575,part,,,,,,,,,,,,,,,,,,,,,,,,,,,,,,
1576,childhood,,,,,,,,,,,,,,,,,,,,,,,,,,,,,,
1577,port,,,,,,,,,,,,,,,,,,,,,,,,,,,,,,
1578,clone,,,,,,,,,,,,,,,,,,,,,,,,,,,,,,
1579,sprint,,,,,,,,,,,,,,,,,,,,,,,,,,,,,,
1580,overtime,,,,,,,,,,,,,,,,,,,,,,,,,,,,,,
1581,pound,,,,,,,,,,,,,,,,,,,,,,,,,,,,,,
1582,kindle,,,,,,,,,,,,,,,,,,,,,,,,,,,,,,
1583,capability,,,,,,,,,,,,,,,,,,,,,,,,,,,,,,
1584,haha,,,,,,,,,,,,,,,,,,,,,,,,,,,,,,
1585,im,,,,,,,,,,,,,,,,,,,,,,,,,,,,,,
1586,cumbersome,,,,,,,,,,,,,,,,,,,,,,,,,,,,,,
1587,jam,,,,,,,,,,,,,,,,,,,,,,,,,,,,,,
1588,amazon,,,,,,,,,,,,,,,,,,,,,,,,,,,,,,
1589,dissatisfaction,,,,,,,,,,,,,,,,,,,,,,,,,,,,,,
1590,school,,,,,,,,,,,,,,,,,,,,,,,,,,,,,,
1591,pop,,,,,,,,,,,,,,,,,,,,,,,,,,,,,,
1592,ase,,,,,,,,,,,,,,,,,,,,,,,,,,,,,,
1593,shop,,,,,,,,,,,,,,,,,,,,,,,,,,,,,,
1594,perform,,,,,,,,,,,,,,,,,,,,,,,,,,,,,,
1595,word,,,,,,,,,,,,,,,,,,,,,,,,,,,,,,
1596,recording,,,,,,,,,,,,,,,,,,,,,,,,,,,,,,
1597,beginner,,,,,,,,,,,,,,,,,,,,,,,,,,,,,,
1598,showman,,,,,,,,,,,,,,,,,,,,,,,,,,,,,,
1599,italian,,,,,,,,,,,,,,,,,,,,,,,,,,,,,,
1600,wish,,,,,,,,,,,,,,,,,,,,,,,,,,,,,,
1601,defeat,,,,,,,,,,,,,,,,,,,,,,,,,,,,,,
1602,dec,,,,,,,,,,,,,,,,,,,,,,,,,,,,,,
1603,degree,,,,,,,,,,,,,,,,,,,,,,,,,,,,,,
1604,body,,,,,,,,,,,,,,,,,,,,,,,,,,,,,,
1605,cd,,,,,,,,,,,,,,,,,,,,,,,,,,,,,,
1606,bang,,,,,,,,,,,,,,,,,,,,,,,,,,,,,,
1607,cooler,,,,,,,,,,,,,,,,,,,,,,,,,,,,,,
1608,navigating,,,,,,,,,,,,,,,,,,,,,,,,,,,,,,
1609,source,,,,,,,,,,,,,,,,,,,,,,,,,,,,,,
1610,advertisement,,,,,,,,,,,,,,,,,,,,,,,,,,,,,,
1611,station,,,,,,,,,,,,,,,,,,,,,,,,,,,,,,
1612,switch,,,,,,,,,,,,,,,,,,,,,,,,,,,,,,
1613,space,,,,,,,,,,,,,,,,,,,,,,,,,,,,,,
1614,eg,,,,,,,,,,,,,,,,,,,,,,,,,,,,,,
1615,cotton,,,,,,,,,,,,,,,,,,,,,,,,,,,,,,
1616,fall,,,,,,,,,,,,,,,,,,,,,,,,,,,,,,
1617,alexa,,,,,,,,,,,,,,,,,,,,,,,,,,,,,,
1618,addition,,,,,,,,,,,,,,,,,,,,,,,,,,,,,,
1619,lilttle,,,,,,,,,,,,,,,,,,,,,,,,,,,,,,
1620,ting,,,,,,,,,,,,,,,,,,,,,,,,,,,,,,
1621,sry,,,,,,,,,,,,,,,,,,,,,,,,,,,,,,
1622,birthday,,,,,,,,,,,,,,,,,,,,,,,,,,,,,,
1623,problem,,,,,,,,,,,,,,,,,,,,,,,,,,,,,,
1624,beta,,,,,,,,,,,,,,,,,,,,,,,,,,,,,,
1625,conflict,,,,,,,,,,,,,,,,,,,,,,,,,,,,,,
1626,bedside,,,,,,,,,,,,,,,,,,,,,,,,,,,,,,
1627,refurbishing,,,,,,,,,,,,,,,,,,,,,,,,,,,,,,
1628,resemption,,,,,,,,,,,,,,,,,,,,,,,,,,,,,,
1629,investment,,,,,,,,,,,,,,,,,,,,,,,,,,,,,,
1630,produc,,,,,,,,,,,,,,,,,,,,,,,,,,,,,,
1631,hong,,,,,,,,,,,,,,,,,,,,,,,,,,,,,,
1632,skype,,,,,,,,,,,,,,,,,,,,,,,,,,,,,,
1633,amazonia,,,,,,,,,,,,,,,,,,,,,,,,,,,,,,
1634,la,,,,,,,,,,,,,,,,,,,,,,,,,,,,,,
1635,regret,,,,,,,,,,,,,,,,,,,,,,,,,,,,,,
1636,cpr,,,,,,,,,,,,,,,,,,,,,,,,,,,,,,
1637,information,,,,,,,,,,,,,,,,,,,,,,,,,,,,,,
1638,electricity,,,,,,,,,,,,,,,,,,,,,,,,,,,,,,
1639,trigger,,,,,,,,,,,,,,,,,,,,,,,,,,,,,,
1640,travel,,,,,,,,,,,,,,,,,,,,,,,,,,,,,,
1641,indicator,,,,,,,,,,,,,,,,,,,,,,,,,,,,,,
1642,reading,,,,,,,,,,,,,,,,,,,,,,,,,,,,,,
1643,make,,,,,,,,,,,,,,,,,,,,,,,,,,,,,,
1644,performance,,,,,,,,,,,,,,,,,,,,,,,,,,,,,,
1645,italy,,,,,,,,,,,,,,,,,,,,,,,,,,,,,,
1646,money,,,,,,,,,,,,,,,,,,,,,,,,,,,,,,
1647,gizmo,,,,,,,,,,,,,,,,,,,,,,,,,,,,,,
1648,something,,,,,,,,,,,,,,,,,,,,,,,,,,,,,,
1649,avail,,,,,,,,,,,,,,,,,,,,,,,,,,,,,,
1650,assistant,,,,,,,,,,,,,,,,,,,,,,,,,,,,,,
1651,theecho,,,,,,,,,,,,,,,,,,,,,,,,,,,,,,
1652,escencia,,,,,,,,,,,,,,,,,,,,,,,,,,,,,,
1653,afford,,,,,,,,,,,,,,,,,,,,,,,,,,,,,,
1654,nfl,,,,,,,,,,,,,,,,,,,,,,,,,,,,,,
1655,case,,,,,,,,,,,,,,,,,,,,,,,,,,,,,,
1656,sensitivity,,,,,,,,,,,,,,,,,,,,,,,,,,,,,,
1657,buffet,,,,,,,,,,,,,,,,,,,,,,,,,,,,,,
1658,tiempo,,,,,,,,,,,,,,,,,,,,,,,,,,,,,,
1659,trav,,,,,,,,,,,,,,,,,,,,,,,,,,,,,,
1660,reader,,,,,,,,,,,,,,,,,,,,,,,,,,,,,,
1661,hope,,,,,,,,,,,,,,,,,,,,,,,,,,,,,,
1662,wow,,,,,,,,,,,,,,,,,,,,,,,,,,,,,,
1663,podcast,,,,,,,,,,,,,,,,,,,,,,,,,,,,,,
1664,turn,,,,,,,,,,,,,,,,,,,,,,,,,,,,,,
1665,dig,,,,,,,,,,,,,,,,,,,,,,,,,,,,,,
1666,dark,,,,,,,,,,,,,,,,,,,,,,,,,,,,,,
1667,responsive,,,,,,,,,,,,,,,,,,,,,,,,,,,,,,
1668,nature,,,,,,,,,,,,,,,,,,,,,,,,,,,,,,
1669,distraction,,,,,,,,,,,,,,,,,,,,,,,,,,,,,,
1670,package,,,,,,,,,,,,,,,,,,,,,,,,,,,,,,
1671,battery,,,,,,,,,,,,,,,,,,,,,,,,,,,,,,
1672,handle,,,,,,,,,,,,,,,,,,,,,,,,,,,,,,
1673,chromebook,,,,,,,,,,,,,,,,,,,,,,,,,,,,,,
1674,basement,,,,,,,,,,,,,,,,,,,,,,,,,,,,,,
1675,ear,,,,,,,,,,,,,,,,,,,,,,,,,,,,,,
1676,csi,,,,,,,,,,,,,,,,,,,,,,,,,,,,,,
1677,campus,,,,,,,,,,,,,,,,,,,,,,,,,,,,,,
1678,upstairs,,,,,,,,,,,,,,,,,,,,,,,,,,,,,,
1679,crap,,,,,,,,,,,,,,,,,,,,,,,,,,,,,,
1680,hospital,,,,,,,,,,,,,,,,,,,,,,,,,,,,,,
1681,fiance,,,,,,,,,,,,,,,,,,,,,,,,,,,,,,
1682,alexas,,,,,,,,,,,,,,,,,,,,,,,,,,,,,,
1683,board,,,,,,,,,,,,,,,,,,,,,,,,,,,,,,
1684,inconvenience,,,,,,,,,,,,,,,,,,,,,,,,,,,,,,
1685,guarantee,,,,,,,,,,,,,,,,,,,,,,,,,,,,,,
1686,design,,,,,,,,,,,,,,,,,,,,,,,,,,,,,,
1687,tv,,,,,,,,,,,,,,,,,,,,,,,,,,,,,,
1688,spark,,,,,,,,,,,,,,,,,,,,,,,,,,,,,,
1689,father,,,,,,,,,,,,,,,,,,,,,,,,,,,,,,
1690,client,,,,,,,,,,,,,,,,,,,,,,,,,,,,,,
1691,position,,,,,,,,,,,,,,,,,,,,,,,,,,,,,,
1692,amazin,,,,,,,,,,,,,,,,,,,,,,,,,,,,,,
1693,nothing,,,,,,,,,,,,,,,,,,,,,,,,,,,,,,
1694,lame,,,,,,,,,,,,,,,,,,,,,,,,,,,,,,
1695,give,,,,,,,,,,,,,,,,,,,,,,,,,,,,,,
1696,dy,,,,,,,,,,,,,,,,,,,,,,,,,,,,,,
1697,receiver,,,,,,,,,,,,,,,,,,,,,,,,,,,,,,
1698,twist,,,,,,,,,,,,,,,,,,,,,,,,,,,,,,
1699,auto,,,,,,,,,,,,,,,,,,,,,,,,,,,,,,
1700,think,,,,,,,,,,,,,,,,,,,,,,,,,,,,,,
1701,gf,,,,,,,,,,,,,,,,,,,,,,,,,,,,,,
1702,making,,,,,,,,,,,,,,,,,,,,,,,,,,,,,,
1703,ask,,,,,,,,,,,,,,,,,,,,,,,,,,,,,,
1704,toddler,,,,,,,,,,,,,,,,,,,,,,,,,,,,,,
1705,allow,,,,,,,,,,,,,,,,,,,,,,,,,,,,,,
1706,clue,,,,,,,,,,,,,,,,,,,,,,,,,,,,,,
1707,receive,,,,,,,,,,,,,,,,,,,,,,,,,,,,,,
1708,code,,,,,,,,,,,,,,,,,,,,,,,,,,,,,,
1709,discount,,,,,,,,,,,,,,,,,,,,,,,,,,,,,,
1710,attachment,,,,,,,,,,,,,,,,,,,,,,,,,,,,,,
1711,evening,,,,,,,,,,,,,,,,,,,,,,,,,,,,,,
1712,buffer,,,,,,,,,,,,,,,,,,,,,,,,,,,,,,
1713,excelente,,,,,,,,,,,,,,,,,,,,,,,,,,,,,,
1714,punch,,,,,,,,,,,,,,,,,,,,,,,,,,,,,,
1715,harder,,,,,,,,,,,,,,,,,,,,,,,,,,,,,,
1716,luv,,,,,,,,,,,,,,,,,,,,,,,,,,,,,,
1717,worker,,,,,,,,,,,,,,,,,,,,,,,,,,,,,,
1718,solution,,,,,,,,,,,,,,,,,,,,,,,,,,,,,,
1719,meh,,,,,,,,,,,,,,,,,,,,,,,,,,,,,,
1720,value,,,,,,,,,,,,,,,,,,,,,,,,,,,,,,
1721,lifetime,,,,,,,,,,,,,,,,,,,,,,,,,,,,,,
1722,run,,,,,,,,,,,,,,,,,,,,,,,,,,,,,,
1723,ve,,,,,,,,,,,,,,,,,,,,,,,,,,,,,,
1724,hulu,,,,,,,,,,,,,,,,,,,,,,,,,,,,,,
1725,view,,,,,,,,,,,,,,,,,,,,,,,,,,,,,,
1726,video,,,,,,,,,,,,,,,,,,,,,,,,,,,,,,
1727,grandaughter,,,,,,,,,,,,,,,,,,,,,,,,,,,,,,
1728,pulsate,,,,,,,,,,,,,,,,,,,,,,,,,,,,,,
1729,imagine,,,,,,,,,,,,,,,,,,,,,,,,,,,,,,
1730,integrate,,,,,,,,,,,,,,,,,,,,,,,,,,,,,,
1731,installing,,,,,,,,,,,,,,,,,,,,,,,,,,,,,,
1732,s,,,,,,,,,,,,,,,,,,,,,,,,,,,,,,
1733,tge,,,,,,,,,,,,,,,,,,,,,,,,,,,,,,
1734,anti,,,,,,,,,,,,,,,,,,,,,,,,,,,,,,
1735,heart,,,,,,,,,,,,,,,,,,,,,,,,,,,,,,
1736,hold,,,,,,,,,,,,,,,,,,,,,,,,,,,,,,
1737,right,,,,,,,,,,,,,,,,,,,,,,,,,,,,,,
1738,subscriber,,,,,,,,,,,,,,,,,,,,,,,,,,,,,,
1739,camera,,,,,,,,,,,,,,,,,,,,,,,,,,,,,,
1740,functionality,,,,,,,,,,,,,,,,,,,,,,,,,,,,,,
1741,grip,,,,,,,,,,,,,,,,,,,,,,,,,,,,,,
1742,variant,,,,,,,,,,,,,,,,,,,,,,,,,,,,,,
1743,interface,,,,,,,,,,,,,,,,,,,,,,,,,,,,,,
1744,look,,,,,,,,,,,,,,,,,,,,,,,,,,,,,,
1745,pricing,,,,,,,,,,,,,,,,,,,,,,,,,,,,,,
1746,www,,,,,,,,,,,,,,,,,,,,,,,,,,,,,,
1747,alexus,,,,,,,,,,,,,,,,,,,,,,,,,,,,,,
1748,competition,,,,,,,,,,,,,,,,,,,,,,,,,,,,,,
1749,picture,,,,,,,,,,,,,,,,,,,,,,,,,,,,,,
1750,enrolment,,,,,,,,,,,,,,,,,,,,,,,,,,,,,,
1751,clearer,,,,,,,,,,,,,,,,,,,,,,,,,,,,,,
1752,dog,,,,,,,,,,,,,,,,,,,,,,,,,,,,,,
1753,center,,,,,,,,,,,,,,,,,,,,,,,,,,,,,,
1754,capasity,,,,,,,,,,,,,,,,,,,,,,,,,,,,,,
1755,sync,,,,,,,,,,,,,,,,,,,,,,,,,,,,,,
1756,combination,,,,,,,,,,,,,,,,,,,,,,,,,,,,,,
1757,goody,,,,,,,,,,,,,,,,,,,,,,,,,,,,,,
1758,dimension,,,,,,,,,,,,,,,,,,,,,,,,,,,,,,
1759,ne,,,,,,,,,,,,,,,,,,,,,,,,,,,,,,
1760,bezel,,,,,,,,,,,,,,,,,,,,,,,,,,,,,,
1761,tower,,,,,,,,,,,,,,,,,,,,,,,,,,,,,,
1762,flash,,,,,,,,,,,,,,,,,,,,,,,,,,,,,,
1763,lg,,,,,,,,,,,,,,,,,,,,,,,,,,,,,,
1764,novelty,,,,,,,,,,,,,,,,,,,,,,,,,,,,,,
1765,call,,,,,,,,,,,,,,,,,,,,,,,,,,,,,,
1766,get,,,,,,,,,,,,,,,,,,,,,,,,,,,,,,
1767,samsung,,,,,,,,,,,,,,,,,,,,,,,,,,,,,,
1768,trust,,,,,,,,,,,,,,,,,,,,,,,,,,,,,,
1769,easy,,,,,,,,,,,,,,,,,,,,,,,,,,,,,,
1770,grandchild,,,,,,,,,,,,,,,,,,,,,,,,,,,,,,
1771,grace,,,,,,,,,,,,,,,,,,,,,,,,,,,,,,
1772,county,,,,,,,,,,,,,,,,,,,,,,,,,,,,,,
1773,pandora,,,,,,,,,,,,,,,,,,,,,,,,,,,,,,
1774,band,,,,,,,,,,,,,,,,,,,,,,,,,,,,,,
1775,boyfriend,,,,,,,,,,,,,,,,,,,,,,,,,,,,,,
1776,team,,,,,,,,,,,,,,,,,,,,,,,,,,,,,,
1777,deck,,,,,,,,,,,,,,,,,,,,,,,,,,,,,,
1778,error,,,,,,,,,,,,,,,,,,,,,,,,,,,,,,
1779,jeopardy,,,,,,,,,,,,,,,,,,,,,,,,,,,,,,
1780,xm,,,,,,,,,,,,,,,,,,,,,,,,,,,,,,
1781,roomba,,,,,,,,,,,,,,,,,,,,,,,,,,,,,,
1782,miss,,,,,,,,,,,,,,,,,,,,,,,,,,,,,,
1783,standalone,,,,,,,,,,,,,,,,,,,,,,,,,,,,,,
1784,excellent,,,,,,,,,,,,,,,,,,,,,,,,,,,,,,
1785,department,,,,,,,,,,,,,,,,,,,,,,,,,,,,,,
1786,challenge,,,,,,,,,,,,,,,,,,,,,,,,,,,,,,
